CityCode;CountryCode;Names;UtcOffset;TimeZoneId
AAH;DE;Aachen;+01:00;Europe/Berlin
AAL;DK;Aalborg;+01:00;Europe/Copenhagen
AAQ;RU;Anapa;+03:00;Europe/Moscow
AAR;DK;Aarhus;+01:00;Europe/Copenhagen
ABC;ES;Albacete;+01:00;Europe/Madrid
ABZ;GB;Aberdeen;+00:00;Europe/London
ACH;CH;Altenrhein;+01:00;Europe/Zurich
ACI;GB;Alderney;+00:00;Europe/London
ACO;CH;Ascona;+01:00;Europe/Zurich
ACQ;ES;Estacion De Alicante;+01:00;Europe/Madrid
ADA;TR;Adana;+03:00;Europe/Istanbul
ADF;TR;Adiyaman;+03:00;Europe/Istanbul
ADX;GB;St Andrews;+00:00;Europe/London
AEI;ES;Algeciras;+01:00;Europe/Madrid
AER;RU;Sochi;+03:00;Europe/Moscow
AES;NO;Alesund;+01:00;Europe/Oslo
AFY;TR;Afyon;+03:00;Europe/Istanbul
AGE;DE;Wangerooge;+01:00;Europe/Berlin
AGF;FR;Agen;+01:00;Europe/Paris
AGH;SE;Angelholm/Helsingborg;+01:00;Europe/Stockholm
AGP;ES;Malaga;+01:00;Europe/Madrid
AGQ;GR;Agrinion;+02:00;Europe/Athens
AHO;IT;Alghero;+01:00;Europe/Rome
AHZ;FR;L'alpe-D'huez;+01:00;Europe/Paris
AJA;FR;Ajaccio;+01:00;Europe/Paris
AJI;TR;Agri;+03:00;Europe/Istanbul
AJR;SE;Arvidsjaur;+01:00;Europe/Stockholm
ALC;ES;Alicante;+01:00;Europe/Madrid
ALF;NO;Alta;+01:00;Europe/Oslo
ALL;IT;Albenga;+01:00;Europe/Rome
ALV;AD;Andorra La Vella;+01:00;Europe/Andorra
AMS;NL;Amsterdam;+01:00;Europe/Amsterdam
AMV;RU;Amderma;+03:00;Europe/Moscow
ANE;FR;Angers;+01:00;Europe/Paris
ANG;FR;Angouleme;+01:00;Europe/Paris
ANK;TR;Ankara;+03:00;Europe/Istanbul
ANR;BE;Antwerp;+01:00;Europe/Brussels
ANT;AT;St Anton;+01:00;Europe/Vienna
ANX;NO;Andenes;+01:00;Europe/Oslo
AOC;DE;Altenburg;+01:00;Europe/Berlin
AOE;TR;Eskisehir;+03:00;Europe/Istanbul
AOI;IT;Ancona;+01:00;Europe/Rome
AOK;GR;Karpathos;+02:00;Europe/Athens
AOT;IT;Aosta;+01:00;Europe/Rome
ARH;RU;Arkhangelsk;+03:00;Europe/Moscow
ARW;RO;Arad;+02:00;Europe/Bucharest
ASF;RU;Astrakhan;+04:00;Europe/Volgograd
ASR;TR;Kayseri;+03:00;Europe/Istanbul
ATH;GR;Athens;+02:00;Europe/Athens
AUF;FR;Auxerre;+01:00;Europe/Paris
AUR;FR;Aurillac;+01:00;Europe/Paris
AVB;IT;Aviano;+01:00;Europe/Rome
AVF;FR;Avoriaz;+01:00;Europe/Paris
AVJ;ES;Avila;+01:00;Europe/Madrid
AVN;FR;Avignon;+01:00;Europe/Paris
AVR;PT;Alverca;+00:00;Europe/Lisbon
AXD;GR;Alexandroupolis;+02:00;Europe/Athens
AYH;GB;Alconbury;+00:00;Europe/London
AYT;TR;Antalya;+03:00;Europe/Istanbul
BAE;FR;Barcelonnette;+01:00;Europe/Paris
BAL;TR;Batman;+03:00;Europe/Istanbul
BAO;RO;Baia Mare;+02:00;Europe/Bucharest
BAY;RO;Baia Mare;+02:00;Europe/Bucharest
BBF;ES;Estacion De Benidorm;+01:00;Europe/Madrid
BBH;DE;Stralsund;+01:00;Europe/Berlin
BBJ;DE;Bitburg;+01:00;Europe/Berlin
BBP;GB;Bembridge;+00:00;Europe/London
BBS;GB;Blackbushe;+00:00;Europe/London
BCM;RO;Bacau;+02:00;Europe/Bucharest
BCN;ES;Barcelona;+01:00;Europe/Madrid
BDM;TR;Bandirma;+03:00;Europe/Istanbul
BDS;IT;Brindisi;+01:00;Europe/Rome
BDU;NO;Bardufoss;+01:00;Europe/Oslo
BEB;GB;Benbecula;+00:00;Europe/London
BEG;RS;Belgrade;+01:00;Europe/Belgrade
BEQ;GB;Bury St Edmunds;+00:00;Europe/London
BER;DE;Berlin;+01:00;Europe/Berlin
BES;FR;Brest;+01:00;Europe/Paris
BEX;GB;Benson;+00:00;Europe/London
BFB;ES;Bilbao;+01:00;Europe/Madrid
BFE;DE;Bielefeld;+01:00;Europe/Berlin
BFS;GB;Belfast;+00:00;Europe/London
BGC;PT;Braganca;+00:00;Europe/Lisbon
BGG;TR;Bingol;+03:00;Europe/Istanbul
BGO;NO;Bergen;+01:00;Europe/Oslo
BGZ;PT;Braga;+00:00;Europe/Lisbon
BHX;GB;Birmingham;+00:00;Europe/London
BIA;FR;Bastia;+01:00;Europe/Paris
BIO;ES;Bilbao;+01:00;Europe/Madrid
BIQ;FR;Biarritz;+01:00;Europe/Paris
BJF;NO;Batsfjord;+01:00;Europe/Oslo
BJV;TR;Bodrum;+03:00;Europe/Istanbul
BJZ;ES;Badajoz;+01:00;Europe/Madrid
BLE;SE;Borlange/Falun;+01:00;Europe/Stockholm
BLK;GB;Blackpool;+00:00;Europe/London
BLL;DK;Billund;+01:00;Europe/Copenhagen
BLQ;IT;Bologna;+01:00;Europe/Rome
BLX;IT;Belluno;+01:00;Europe/Rome
BLY;IE;Belmullet;+00:00;Europe/Dublin
BMK;DE;Borkum;+01:00;Europe/Berlin
BMR;DE;Baltrum;+01:00;Europe/Berlin
BNN;NO;Bronnoysund;+01:00;Europe/Oslo
BNX;BA;Banja Luka;+01:00;Europe/Sarajevo
BOD;FR;Bordeaux;+01:00;Europe/Paris
BOH;GB;Bournemouth;+00:00;Europe/London
BOJ;BG;Burgas;+02:00;Europe/Sofia
BOL;GB;Ballykelly;+00:00;Europe/London
BOO;NO;Bodo;+01:00;Europe/Oslo
BOR;FR;Belfort;+01:00;Europe/Paris
BOU;FR;Bourges;+01:00;Europe/Paris
BQD;IT;Brindisi;+01:00;Europe/Rome
BQT;BY;Brest;+03:00;Europe/Minsk
BQY;IT;Bentivoglio;+01:00;Europe/Rome
BRE;DE;Bremen;+01:00;Europe/Berlin
BRI;IT;Bari;+01:00;Europe/Rome
BRN;CH;Berne;+01:00;Europe/Zurich
BRQ;CZ;Brno;+01:00;Europe/Prague
BRR;GB;Barra;+00:00;Europe/London
BRS;GB;Bristol;+00:00;Europe/London
BRU;BE;Brussels;+01:00;Europe/Brussels
BRV;DE;Bremerhaven;+01:00;Europe/Berlin
BRZ;IT;Brescia;+01:00;Europe/Rome
BSH;GB;Brighton;+00:00;Europe/London
BTS;SK;Bratislava;+01:00;Europe/Bratislava
BUD;HU;Budapest;+01:00;Europe/Budapest
BUH;RO;Bucharest;+02:00;Europe/Bucharest
BVE;FR;Brive-La-Gaillarde;+01:00;Europe/Paris
BVG;NO;Berlevag;+01:00;Europe/Oslo
BWE;DE;Braunschweig/Wolfsburg;+01:00;Europe/Berlin
BWF;GB;Barrow-In-Furness;+00:00;Europe/London
BWK;HR;Brac;+01:00;Europe/Zagreb
BWO;RU;Balakovo;+04:00;Europe/Volgograd
BWY;GB;Woodbridge;+00:00;Europe/London
BXN;TR;Bodrum;+03:00;Europe/Istanbul
BXO;CH;Buochs;+01:00;Europe/Zurich
BXP;PL;Biala Podlaska;+01:00;Europe/Warsaw
BYF;FR;Albert;+01:00;Europe/Paris
BYJ;PT;Beja;+00:00;Europe/Lisbon
BYR;DK;Laeso;+01:00;Europe/Copenhagen
BYT;IE;Bantry;+00:00;Europe/Dublin
BYU;DE;Bayreuth;+01:00;Europe/Berlin
BZG;PL;Bydgoszcz;+01:00;Europe/Warsaw
BZI;TR;Balikesir;+03:00;Europe/Istanbul
BZK;RU;Bryansk;+03:00;Europe/Moscow
BZO;IT;Bolzano/Bozen;+01:00;Europe/Rome
BZQ;IT;Bolzano/Bozen;+01:00;Europe/Rome
BZR;FR;Beziers;+01:00;Europe/Paris
BZS;FR;Gare De Beziers;+01:00;Europe/Paris
BZY;MD;Balti;+02:00;Europe/Chisinau
BZZ;GB;Brize Norton;+00:00;Europe/London
CAG;IT;Cagliari;+01:00;Europe/Rome
CAL;GB;Campbeltown;+00:00;Europe/London
CAT;PT;Cascais;+00:00;Europe/Lisbon
CAX;GB;Carlisle;+00:00;Europe/London
CBG;GB;Cambridge;+00:00;Europe/London
CBP;PT;Coimbra;+00:00;Europe/Lisbon
CBU;DE;Cottbus;+01:00;Europe/Berlin
CCF;FR;Carcassonne;+01:00;Europe/Paris
CDF;IT;Cortina D'ampezzo;+01:00;Europe/Rome
CDT;ES;Castellon De La Plana;+01:00;Europe/Madrid
CDZ;ES;Cadiz;+01:00;Europe/Madrid
CEE;RU;Cherepovets;+03:00;Europe/Moscow
CEG;GB;Chester;+00:00;Europe/London
CEJ;ES;Cuenca;+01:00;Europe/Madrid
CEQ;FR;Cannes;+01:00;Europe/Paris
CER;FR;Cherbourg;+01:00;Europe/Paris
CET;FR;Cholet;+01:00;Europe/Paris
CFE;FR;Clermont-Ferrand;+01:00;Europe/Paris
CFN;IE;Donegal;+00:00;Europe/Dublin
CFR;FR;Caen;+01:00;Europe/Paris
CFU;GR;Kerkyra;+02:00;Europe/Athens
CGN;DE;Cologne/Bonn;+01:00;Europe/Berlin
CHQ;GR;Chania;+02:00;Europe/Athens
CHR;FR;Chateauroux;+01:00;Europe/Paris
CHV;PT;Chaves;+00:00;Europe/Lisbon
CHW;GB;Cheltenham;+00:00;Europe/London
CII;TR;Aydin;+03:00;Europe/Istanbul
CIY;IT;Comiso;+01:00;Europe/Rome
CJI;ES;Ciudad Real;+01:00;Europe/Madrid
CKC;UA;Cherkassy;+02:00;Europe/Zaporozhye
CKL;RU;Chkalovsky;+03:00;Europe/Moscow
CKZ;TR;Canakkale;+03:00;Europe/Istanbul
CLB;GB;Colchester;+00:00;Europe/London
CLF;GB;Coltishall;+00:00;Europe/London
CLJ;RO;Cluj-Napoca;+02:00;Europe/Bucharest
CLY;FR;Calvi;+01:00;Europe/Paris
CMF;FR;Chambery/Aix-Les-Bains;+01:00;Europe/Paris
CMR;FR;Colmar;+01:00;Europe/Paris
CND;RO;Constanta;+02:00;Europe/Bucharest
CNG;FR;Cognac;+01:00;Europe/Paris
CNL;DK;Sindal;+01:00;Europe/Copenhagen
COL;GB;Coll;+00:00;Europe/London
COV;PT;Covilha;+00:00;Europe/Lisbon
CPH;DK;Copenhagen;+01:00;Europe/Copenhagen
CQF;FR;Calais/Dunkerque;+01:00;Europe/Paris
CQM;ES;Ciudad Real;+01:00;Europe/Madrid
CRA;RO;Craiova;+02:00;Europe/Bucharest
CRN;RO;Constanta;+02:00;Europe/Bucharest
CRV;IT;Crotone;+01:00;Europe/Rome
CSA;GB;Colonsay;+00:00;Europe/London
CSB;RO;Caransebes;+02:00;Europe/Bucharest
CSF;FR;Creil;+01:00;Europe/Paris
CSH;RU;Solovetsky;+03:00;Europe/Moscow
CSO;DE;Magdeburg;+01:00;Europe/Berlin
CSY;RU;Cheboksary;+03:00;Europe/Moscow
CTA;IT;Catania;+01:00;Europe/Rome
CTJ;IT;Caserta;+01:00;Europe/Rome
CTT;FR;Le Castellet;+01:00;Europe/Paris
CUF;IT;Cuneo;+01:00;Europe/Rome
CVF;FR;Courchevel;+01:00;Europe/Paris
CVT;GB;Coventry;+00:00;Europe/London
CWC;UA;Chernivtsi;+02:00;Europe/Zaporozhye
CWL;GB;Cardiff;+00:00;Europe/London
CZW;PL;Czestochowa;+01:00;Europe/Warsaw
DBV;HR;Dubrovnik;+01:00;Europe/Zagreb
DCI;IT;Decimomannu;+01:00;Europe/Rome
DCM;FR;Castres;+01:00;Europe/Paris
DEB;HU;Debrecen;+01:00;Europe/Budapest
DGP;LV;Daugavpils;+02:00;Europe/Riga
DHR;NL;Den Helder;+01:00;Europe/Amsterdam
DIJ;FR;Dijon;+01:00;Europe/Paris
DIY;TR;Diyarbakir;+03:00;Europe/Istanbul
DLD;NO;Geilo;+01:00;Europe/Oslo
DLE;FR;Dole;+01:00;Europe/Paris
DLM;TR;Dalaman;+03:00;Europe/Istanbul
DLP;FR;Disneyland Paris Heliport;+01:00;Europe/Paris
DND;GB;Dundee;+00:00;Europe/London
DNK;UA;Dnipropetrovsk;+02:00;Europe/Zaporozhye
DNR;FR;Dinard/St-Malo;+01:00;Europe/Paris
DNZ;TR;Denizli;+03:00;Europe/Istanbul
DOC;GB;Dornoch;+00:00;Europe/London
DOK;UA;Donetsk;+02:00;Europe/Zaporozhye
DOL;FR;Deauville;+01:00;Europe/Paris
DPE;FR;Dieppe;+01:00;Europe/Paris
DRM;GR;Drama;+02:00;Europe/Athens
DRS;DE;Dresden;+01:00;Europe/Berlin
DRX;DE;Dresden;+01:00;Europe/Berlin
DSA;GB;Doncaster/Sheffield;+00:00;Europe/London
DTM;DE;Dortmund;+01:00;Europe/Berlin
DUB;IE;Dublin;+00:00;Europe/Dublin
DUH;AL;Durres;+01:00;Europe/Tirane
DUI;DE;Duisburg Hbf;+01:00;Europe/Berlin
DUS;DE;Duesseldorf;+01:00;Europe/Berlin
DVA;RO;Deva;+02:00;Europe/Bucharest
DXA;FR;Les Deux Alpes;+01:00;Europe/Paris
EAG;FR;Agde;+01:00;Europe/Paris
EAP;CH;Basel/Mulhouse;+01:00;Europe/Zurich
EAS;ES;San Sebastian;+01:00;Europe/Madrid
EBA;IT;Elba Island;+01:00;Europe/Rome
EBJ;DK;Esbjerg;+01:00;Europe/Copenhagen
EBU;FR;St-Etienne;+01:00;Europe/Paris
EBV;FR;Saint-Etienne Bus St;+01:00;Europe/Paris
EDI;GB;Edinburgh;+00:00;Europe/London
EDM;FR;La Roche Sur Yon;+01:00;Europe/Paris
EDO;TR;Edremit;+03:00;Europe/Istanbul
EEL;ES;Tudela;+01:00;Europe/Madrid
EFL;GR;Kefallinia;+02:00;Europe/Athens
EGC;FR;Bergerac;+01:00;Europe/Paris
EGO;RU;Belgorod;+03:00;Europe/Moscow
EIB;DE;Eisenach;+01:00;Europe/Berlin
EIK;RU;Yeysk;+03:00;Europe/Moscow
EIN;NL;Eindhoven;+01:00;Europe/Amsterdam
EKT;SE;Eskilstuna;+01:00;Europe/Stockholm
EME;DE;Emden;+01:00;Europe/Berlin
EML;CH;Emmen;+01:00;Europe/Zurich
ENF;FI;Enontekio;+02:00;Europe/Helsinki
ENK;GB;Enniskillen;+00:00;Europe/London
ENS;NL;Enschede;+01:00;Europe/Amsterdam
EOI;GB;Eday;+00:00;Europe/London
EPL;FR;Epinal;+01:00;Europe/Paris
EPU;EE;Parnu;+02:00;Europe/Tallinn
ERC;TR;Erzincan;+03:00;Europe/Istanbul
ERD;UA;Berdiansk;+02:00;Europe/Zaporozhye
ERF;DE;Erfurt;+01:00;Europe/Berlin
ERZ;TR;Erzurum;+03:00;Europe/Istanbul
ESH;GB;Shoreham-By-Sea;+00:00;Europe/London
ESK;TR;Eskisehir;+03:00;Europe/Istanbul
ESL;RU;Elista;+03:00;Europe/Moscow
ESS;DE;Essen;+01:00;Europe/Berlin
ETZ;FR;Metz/Nancy;+01:00;Europe/Paris
EUM;DE;Neumunster;+01:00;Europe/Berlin
EVE;NO;Harstad-Narvik;+01:00;Europe/Oslo
EVG;SE;Sveg;+01:00;Europe/Stockholm
EVO;ES;Estepona;+01:00;Europe/Madrid
EVX;FR;Evreux;+01:00;Europe/Paris
EWS;NL;Ede Wageningen;+01:00;Europe/Amsterdam
EWY;GB;Newbury;+00:00;Europe/London
EXT;GB;Exeter;+00:00;Europe/London
EZS;TR;Elazig;+03:00;Europe/Istanbul
FAB;GB;Farnborough;+00:00;Europe/London
FAN;NO;Farsund;+01:00;Europe/Oslo
FAO;PT;Faro;+00:00;Europe/Lisbon
FCN;DE;Cuxhaven;+01:00;Europe/Berlin
FDE;NO;Forde;+01:00;Europe/Oslo
FDH;DE;Friedrichshafen;+01:00;Europe/Berlin
FEA;GB;Fetlar;+00:00;Europe/London
FEL;DE;Furstenfeldbruck;+01:00;Europe/Berlin
FES;ES;San Fernando;+01:00;Europe/Madrid
FFD;GB;Fairford;+00:00;Europe/London
FGR;ES;Fuengirola;+01:00;Europe/Madrid
FIE;GB;Fair Isle;+00:00;Europe/London
FKB;DE;Karlsruhe/Baden-Baden;+01:00;Europe/Berlin
FKH;GB;Fakenham;+00:00;Europe/London
FLF;DE;Flensburg;+01:00;Europe/Berlin
FLH;GB;Flotta;+00:00;Europe/London
FLR;IT;Florence;+01:00;Europe/Rome
FMM;DE;Memmingen;+01:00;Europe/Berlin
FMO;DE;Muenster/Osnabrueck;+01:00;Europe/Berlin
FNB;DE;Neubrandenburg;+01:00;Europe/Berlin
FNC;PT;Funchal;+00:00;Europe/Lisbon
FNI;FR;Nimes;+01:00;Europe/Paris
FNU;IT;Oristano;+01:00;Europe/Rome
FOA;GB;Foula;+00:00;Europe/London
FOG;IT;Foggia;+01:00;Europe/Rome
FOI;IT;Foggia;+01:00;Europe/Rome
FRA;DE;Frankfurt;+01:00;Europe/Berlin
FRJ;FR;Frejus;+01:00;Europe/Paris
FRL;IT;Forli;+01:00;Europe/Rome
FRO;NO;Floro;+01:00;Europe/Oslo
FRZ;DE;Fritzlar;+01:00;Europe/Berlin
FSC;FR;Figari;+01:00;Europe/Paris
FSS;GB;Forres;+00:00;Europe/London
FWM;GB;Fort William;+00:00;Europe/London
FZO;GB;Filton;+00:00;Europe/London
GAT;FR;Gap;+01:00;Europe/Paris
GBA;GB;Kemble;+00:00;Europe/London
GBN;IT;San Giovanni Rotondo;+01:00;Europe/Rome
GCI;GB;Guernsey;+00:00;Europe/London
GDN;PL;Gdansk;+01:00;Europe/Warsaw
GDU;ES;Guadalajara;+01:00;Europe/Madrid
GDZ;RU;Gelendzhik;+03:00;Europe/Moscow
GEN;ES;Puente Genil;+01:00;Europe/Madrid
GEV;SE;Gallivare;+01:00;Europe/Stockholm
GFR;FR;Granville;+01:00;Europe/Paris
GGZ;AT;Graz;+01:00;Europe/Vienna
GHF;DE;Giebelstadt;+01:00;Europe/Berlin
GIB;GI;Gibraltar;+01:00;Europe/Gibraltar
GIJ;ES;Gijon;+01:00;Europe/Madrid
GKD;TR;Gokceada;+03:00;Europe/Istanbul
GKE;DE;Geilenkirchen;+01:00;Europe/Berlin
GLA;GB;Glasgow;+00:00;Europe/London
GLL;NO;Gol;+01:00;Europe/Oslo
GLO;GB;Gloucester/Cheltenham;+00:00;Europe/London
GLZ;NL;Breda;+01:00;Europe/Amsterdam
GME;BY;Gomel;+03:00;Europe/Minsk
GMG;FR;Gare De Meuse Tgv;+01:00;Europe/Paris
GMY;DE;Rheindahlen;+01:00;Europe/Berlin
GNA;BY;Grodno;+03:00;Europe/Minsk
GNE;BE;Gent;+01:00;Europe/Brussels
GNO;FR;Grenoble Routiere;+01:00;Europe/Paris
GOA;IT;Genoa;+01:00;Europe/Rome
GOJ;RU;Nizhny Novgorod;+03:00;Europe/Moscow
GOT;SE;Goteborg;+01:00;Europe/Stockholm
GOZ;BG;Gorna Oryahovitsa;+02:00;Europe/Sofia
GPA;GR;Patrai;+02:00;Europe/Athens
GQJ;GB;Machrihanish;+00:00;Europe/London
GRO;ES;Girona;+01:00;Europe/Madrid
GRQ;NL;Groningen;+01:00;Europe/Amsterdam
GRS;IT;Grosseto;+01:00;Europe/Rome
GRV;RU;Grozny;+03:00;Europe/Moscow
GRX;ES;Granada;+01:00;Europe/Madrid
GRZ;AT;Graz;+01:00;Europe/Vienna
GSY;GB;Grimsby Town;+00:00;Europe/London
GTI;DE;Guettin;+01:00;Europe/Berlin
GTW;CZ;Zlin;+01:00;Europe/Prague
GUT;DE;Guetersloh;+01:00;Europe/Berlin
GVA;CH;Geneva;+01:00;Europe/Zurich
GVX;SE;Gavle;+01:00;Europe/Stockholm
GWT;DE;Westerland;+01:00;Europe/Berlin
GWY;IE;Galway;+00:00;Europe/Dublin
GZM;MT;Gozo Heliport;+01:00;Europe/Malta
GZP;TR;Gazipasa;+03:00;Europe/Istanbul
GZT;TR;Gaziantep;+03:00;Europe/Istanbul
HAA;NO;Hasvik;+01:00;Europe/Oslo
HAD;SE;Halmstad;+01:00;Europe/Stockholm
HAG;NL;The Hague;+01:00;Europe/Amsterdam
HAJ;DE;Hannover;+01:00;Europe/Berlin
HAM;DE;Hamburg;+01:00;Europe/Berlin
HAU;NO;Haugesund;+01:00;Europe/Oslo
HAW;GB;Haverfordwest;+00:00;Europe/London
HDB;DE;Heidelberg;+01:00;Europe/Berlin
HDF;DE;Heringsdorf;+01:00;Europe/Berlin
HEI;DE;Heide/Buesum;+01:00;Europe/Berlin
HEL;FI;Helsinki;+02:00;Europe/Helsinki
HER;GR;Irakleion;+02:00;Europe/Athens
HEV;ES;Huelva;+01:00;Europe/Madrid
HFH;GB;Hereford;+00:00;Europe/London
HFS;SE;Hagfors;+01:00;Europe/Stockholm
HFT;NO;Hammerfest;+01:00;Europe/Oslo
HGL;DE;Helgoland;+01:00;Europe/Berlin
HKV;BG;Haskovo;+02:00;Europe/Sofia
HLF;SE;Hultsfred/Vimmerby;+01:00;Europe/Stockholm
HLJ;LT;Shauliaj;+02:00;Europe/Vilnius
HLY;GB;Holyhead;+00:00;Europe/London
HMJ;UA;Khmelnytskyi;+02:00;Europe/Zaporozhye
HMR;NO;Hamar;+01:00;Europe/Oslo
HMV;SE;Hemavan/Tarnaby;+01:00;Europe/Stockholm
HNO;ME;Herceg-Novi;+01:00;Europe/Podgorica
HOH;AT;Hohenems/Dornbirn;+01:00;Europe/Vienna
HOQ;DE;Hof;+01:00;Europe/Berlin
HOV;NO;Orsta/Volda;+01:00;Europe/Oslo
HOY;GB;Hoy;+00:00;Europe/London
HRA;CZ;Mnichovo Hradiste;+01:00;Europe/Prague
HRD;NO;Harstad;+01:00;Europe/Oslo
HRK;UA;Kharkiv;+02:00;Europe/Zaporozhye
HRT;GB;Harrogate;+00:00;Europe/London
HSK;ES;Huesca;+01:00;Europe/Madrid
HTF;GB;Hatfield;+00:00;Europe/London
HTY;TR;Hatay;+03:00;Europe/Istanbul
HUV;SE;Hudiksvall;+01:00;Europe/Stockholm
HUY;GB;Humberside;+00:00;Europe/London
HVG;NO;Honningsvag;+01:00;Europe/Oslo
HVZ;HU;Heviz Ma;+01:00;Europe/Budapest
HYC;GB;High Wycombe;+00:00;Europe/London
HYV;FI;Hyvinkaa;+02:00;Europe/Helsinki
HZB;FR;Hazebrouck;+01:00;Europe/Paris
IAR;RU;Yaroslavl;+03:00;Europe/Moscow
IAS;RO;Iasi;+02:00;Europe/Bucharest
IBZ;ES;Ibiza;+01:00;Europe/Madrid
IDB;SE;Idre;+01:00;Europe/Stockholm
IDY;FR;Ile D'yeu;+01:00;Europe/Paris
IEG;PL;Zielona Gora;+01:00;Europe/Warsaw
IES;DE;Riesa;+01:00;Europe/Berlin
IEV;UA;Kiev;+02:00;Europe/Zaporozhye
IFO;UA;Ivano-Frankivsk;+02:00;Europe/Zaporozhye
IGD;TR;Igdir;+03:00;Europe/Istanbul
IGS;DE;Ingolstadt;+01:00;Europe/Berlin
IGT;RU;Magas;+03:00;Europe/Moscow
IIA;IE;Inishmaan;+00:00;Europe/Dublin
IJK;RU;Izhevsk;+04:00;Europe/Volgograd
ILD;ES;Lleida;+01:00;Europe/Madrid
ILH;DE;Illesheim;+01:00;Europe/Berlin
ILY;GB;Islay;+00:00;Europe/London
ILZ;SK;Zilina;+01:00;Europe/Bratislava
INA;RU;Inta;+03:00;Europe/Moscow
INI;RS;Nis;+01:00;Europe/Belgrade
INN;AT;Innsbruck;+01:00;Europe/Vienna
INQ;IE;Inisheer;+00:00;Europe/Dublin
INV;GB;Inverness;+00:00;Europe/London
IOA;GR;Ioannina;+02:00;Europe/Athens
IOB;AT;Innsbruck;+01:00;Europe/Vienna
IOM;GB;Isle Of Man;+00:00;Europe/London
IOR;IE;Inishmore;+00:00;Europe/Dublin
IPW;GB;Ipswich;+00:00;Europe/London
ISC;GB;Isles Of Scilly;+00:00;Europe/London
ISE;TR;Isparta;+03:00;Europe/Istanbul
ISH;IT;Ischia;+01:00;Europe/Rome
IST;TR;Istanbul;+03:00;Europe/Istanbul
IVG;ME;Berane;+01:00;Europe/Podgorica
IVL;FI;Ivalo;+02:00;Europe/Helsinki
IWA;RU;Ivanovo;+03:00;Europe/Moscow
IZE;DE;Itzehoe;+01:00;Europe/Berlin
IZM;TR;Izmir;+03:00;Europe/Istanbul
JAH;FR;Aubagne;+01:00;Europe/Paris
JAM;BG;Jambol;+02:00;Europe/Sofia
JCL;CZ;Ceske Budejovice;+01:00;Europe/Prague
JCO;MT;Kemmuna Heliport;+01:00;Europe/Malta
JCU;ES;Ceuta;+01:00;Europe/Madrid
JEA;ES;Jaen;+01:00;Europe/Madrid
JER;GB;Jersey;+00:00;Europe/London
JEV;FR;Evry;+01:00;Europe/Paris
JIK;GR;Ikaria Island;+02:00;Europe/Athens
JKG;SE;Jonkoping;+01:00;Europe/Stockholm
JKH;GR;Chios;+02:00;Europe/Athens
JKL;GR;Kalymnos Island;+02:00;Europe/Athens
JLD;SE;Landskrona;+01:00;Europe/Stockholm
JLO;IT;Jesolo;+01:00;Europe/Rome
JLP;FR;Juan-Les-Pins;+01:00;Europe/Paris
JMK;GR;Mykonos;+02:00;Europe/Athens
JNX;GR;Naxos Is;+02:00;Europe/Athens
JOE;FI;Joensuu;+02:00;Europe/Helsinki
JOK;RU;Yoshkar-Ola;+03:00;Europe/Moscow
JQF;RU;Moscow Savelovsky;+03:00;Europe/Moscow
JQO;RU;Moscow Belorussky;+03:00;Europe/Moscow
JSH;GR;Siteia;+02:00;Europe/Athens
JSI;GR;Skiathos;+02:00;Europe/Athens
JSO;SE;Sodertalje;+01:00;Europe/Stockholm
JSS;GR;Spetsai;+02:00;Europe/Athens
JSY;GR;Syros Island;+02:00;Europe/Athens
JTR;GR;Thira;+02:00;Europe/Athens
JTY;GR;Astypalaia Island;+02:00;Europe/Athens
JUI;DE;Juist;+01:00;Europe/Berlin
JYV;FI;Jyvaskyla;+02:00;Europe/Helsinki
KAJ;FI;Kajaani;+02:00;Europe/Helsinki
KAO;FI;Kuusamo;+02:00;Europe/Helsinki
KAU;FI;Kauhava;+02:00;Europe/Helsinki
KCM;TR;Kahramanmaras;+03:00;Europe/Istanbul
KCO;TR;Kocaeli;+03:00;Europe/Istanbul
KCP;UA;Kamenets Podolskiy;+02:00;Europe/Zaporozhye
KDG;BG;Kardjali;+02:00;Europe/Sofia
KDL;EE;Kardla;+02:00;Europe/Tallinn
KEL;DE;Kiel;+01:00;Europe/Berlin
KEM;FI;Kemi/Tornio;+02:00;Europe/Helsinki
KEV;FI;Halli;+02:00;Europe/Helsinki
KFF;IE;Farranfore;+00:00;Europe/Dublin
KFS;TR;Kastamonu;+03:00;Europe/Istanbul
KFZ;AL;Kukes;+01:00;Europe/Tirane
KGD;RU;Kaliningrad;+02:00;Europe/Kaliningrad
KGO;UA;Kirovograd;+02:00;Europe/Zaporozhye
KGS;GR;Kos;+02:00;Europe/Athens
KGV;AT;Klagenfurt;+01:00;Europe/Vienna
KHC;UA;Kerch;+02:00;Europe/Zaporozhye
KHE;UA;Kherson;+02:00;Europe/Zaporozhye
KHJ;FI;Kauhajoki;+02:00;Europe/Helsinki
KHU;UA;Kremenchug;+02:00;Europe/Zaporozhye
KID;SE;Kristianstad;+01:00;Europe/Stockholm
KIR;IE;Kerry;+00:00;Europe/Dublin
KIT;GR;Kythira;+02:00;Europe/Athens
KIV;MD;Chisinau;+02:00;Europe/Chisinau
KJK;BE;Kortrijk;+01:00;Europe/Brussels
KKN;NO;Kirkenes;+01:00;Europe/Oslo
KKY;IE;Kilkenny;+00:00;Europe/Dublin
KLD;RU;Tver;+03:00;Europe/Moscow
KLF;RU;Kaluga;+03:00;Europe/Moscow
KLR;SE;Kalmar;+01:00;Europe/Stockholm
KLT;DE;Kaiserslautern;+01:00;Europe/Berlin
KLU;AT;Klagenfurt;+01:00;Europe/Vienna
KLV;CZ;Karlovy Vary;+01:00;Europe/Prague
KLX;GR;Kalamata;+02:00;Europe/Athens
KMW;RU;Kostroma;+03:00;Europe/Moscow
KNF;GB;King's Lynn;+00:00;Europe/London
KOI;GB;Kirkwall;+00:00;Europe/London
KOK;FI;Kokkola/Pietarsaari;+02:00;Europe/Helsinki
KOQ;DE;Koethen;+01:00;Europe/Berlin
KRF;SE;Kramfors/Solleftea;+01:00;Europe/Stockholm
KRH;GB;Redhill;+00:00;Europe/London
KRK;PL;Krakow;+01:00;Europe/Warsaw
KRN;SE;Kiruna;+01:00;Europe/Stockholm
KRP;DK;Karup;+01:00;Europe/Copenhagen
KRQ;UA;Kramatorsk;+02:00;Europe/Zaporozhye
KRR;RU;Krasnodar;+03:00;Europe/Moscow
KRS;NO;Kristiansand;+01:00;Europe/Oslo
KSC;SK;Kosice;+01:00;Europe/Bratislava
KSD;SE;Karlstad;+01:00;Europe/Stockholm
KSF;DE;Kassel;+01:00;Europe/Berlin
KSJ;GR;Kasos Island;+02:00;Europe/Athens
KSK;SE;Karlskoga;+01:00;Europe/Stockholm
KSO;GR;Kastoria;+02:00;Europe/Athens
KSU;NO;Kristiansund;+01:00;Europe/Oslo
KSY;TR;Kars;+03:00;Europe/Istanbul
KSZ;RU;Kotlas;+03:00;Europe/Moscow
KTQ;FI;Kitee;+02:00;Europe/Helsinki
KTT;FI;Kittila;+02:00;Europe/Helsinki
KTW;PL;Katowice;+01:00;Europe/Warsaw
KUF;RU;Samara;+04:00;Europe/Volgograd
KUN;LT;Kaunas;+02:00;Europe/Vilnius
KUO;FI;Kuopio;+02:00;Europe/Helsinki
KVA;GR;Kavala;+02:00;Europe/Athens
KVB;SE;Skovde;+01:00;Europe/Stockholm
KVK;RU;Kirovsk/Apatity;+03:00;Europe/Moscow
KVO;RS;Kraljevo;+01:00;Europe/Belgrade
KVX;RU;Kirov;+03:00;Europe/Moscow
KWG;UA;Krivyi Rih;+02:00;Europe/Zaporozhye
KXN;GB;Kendal Oxenholme;+00:00;Europe/London
KYA;TR;Konya;+03:00;Europe/Istanbul
KYN;GB;Milton Keynes Central;+00:00;Europe/London
KZG;DE;Kitzingen;+01:00;Europe/Berlin
KZI;GR;Kozani;+02:00;Europe/Athens
KZN;RU;Kazan;+03:00;Europe/Moscow
KZR;TR;Kutahya;+03:00;Europe/Istanbul
KZS;GR;Megisti;+02:00;Europe/Athens
LAI;FR;Lannion;+01:00;Europe/Paris
LAV;FR;Gare Laval Sncf;+01:00;Europe/Paris
LBA;GB;Leeds Bradford;+00:00;Europe/London
LBI;FR;Albi;+01:00;Europe/Paris
LBY;FR;La Baule-Escoublac;+01:00;Europe/Paris
LCC;IT;Lecce;+01:00;Europe/Rome
LCG;ES;A Coruna;+01:00;Europe/Madrid
LCJ;PL;Lodz;+01:00;Europe/Warsaw
LCV;IT;Lucca;+01:00;Europe/Rome
LCZ;IT;Lecce;+01:00;Europe/Rome
LDE;FR;Lourdes/Tarbes;+01:00;Europe/Paris
LDG;RU;Leshukonskoye;+03:00;Europe/Moscow
LDK;SE;Lidkoping;+01:00;Europe/Stockholm
LDV;FR;Landivisiau;+01:00;Europe/Paris
LDY;GB;Derry;+00:00;Europe/London
LED;RU;St Petersburg;+03:00;Europe/Moscow
LEH;FR;Le Havre;+01:00;Europe/Paris
LEI;ES;Almeria;+01:00;Europe/Madrid
LEJ;DE;Leipzig/Halle;+01:00;Europe/Berlin
LEN;ES;Leon;+01:00;Europe/Madrid
LEQ;GB;Land's End;+00:00;Europe/London
LEU;ES;Seo De Urgel;+01:00;Europe/Madrid
LEY;NL;Lelystad;+01:00;Europe/Amsterdam
LGG;BE;Liege;+01:00;Europe/Brussels
LGJ;RO;Lugoj;+02:00;Europe/Bucharest
LGO;DE;Langeoog;+01:00;Europe/Berlin
LHA;DE;Lahr;+01:00;Europe/Berlin
LID;NL;Leiden;+01:00;Europe/Amsterdam
LIG;FR;Limoges;+01:00;Europe/Paris
LIL;FR;Lille;+01:00;Europe/Paris
LIS;PT;Lisbon;+00:00;Europe/Lisbon
LIU;IT;Linosa;+01:00;Europe/Rome
LJR;SI;Ljubljana;+01:00;Europe/Ljubljana
LJU;SI;Ljubljana;+01:00;Europe/Ljubljana
LKL;NO;Lakselv;+01:00;Europe/Oslo
LKN;NO;Leknes;+01:00;Europe/Oslo
LKZ;GB;Brandon;+00:00;Europe/London
LLA;SE;Lulea;+01:00;Europe/Stockholm
LME;FR;Le Mans;+01:00;Europe/Paris
LMK;IE;Limerick;+00:00;Europe/Dublin
LMO;GB;Lossiemouth;+00:00;Europe/London
LMP;IT;Lampedusa;+01:00;Europe/Rome
LNX;RU;Smolensk;+03:00;Europe/Moscow
LNZ;AT;Linz;+01:00;Europe/Vienna
LON;GB;London;+00:00;Europe/London
LPH;GB;Lochgilphead;+00:00;Europe/London
LPI;SE;Linkoping;+01:00;Europe/Stockholm
LPK;RU;Lipetsk;+03:00;Europe/Moscow
LPL;GB;Liverpool;+00:00;Europe/London
LPP;FI;Lappeenranta;+02:00;Europe/Helsinki
LPX;LV;Liepaya;+02:00;Europe/Riga
LPY;FR;Le Puy;+01:00;Europe/Paris
LRA;GR;Larisa;+02:00;Europe/Athens
LRC;DE;Laarbruch;+01:00;Europe/Berlin
LRH;FR;La Rochelle;+01:00;Europe/Paris
LRS;GR;Leros;+02:00;Europe/Athens
LRT;FR;Lorient;+01:00;Europe/Paris
LSO;FR;Les Sables-D'olonne;+01:00;Europe/Paris
LSZ;HR;Mali Losinj;+01:00;Europe/Zagreb
LTQ;FR;Le Touquet-Paris-Plage;+01:00;Europe/Paris
LTR;IE;Letterkenny;+00:00;Europe/Dublin
LTT;FR;St-Tropez;+01:00;Europe/Paris
LTZ;IT;Lamezia Terme Central;+01:00;Europe/Rome
LUE;SK;Lucenec;+01:00;Europe/Bratislava
LUG;CH;Lugano;+01:00;Europe/Zurich
LUX;LU;Luxembourg;+01:00;Europe/Luxembourg
LUY;ES;Lugo;+01:00;Europe/Madrid
LUZ;PL;Lublin;+01:00;Europe/Warsaw
LVA;FR;Laval;+01:00;Europe/Paris
LWG;ES;Logrono;+01:00;Europe/Madrid
LWO;UA;Lviv;+02:00;Europe/Zaporozhye
LWR;NL;Leeuwarden;+01:00;Europe/Amsterdam
LXS;GR;Limnos;+02:00;Europe/Athens
LYC;SE;Lycksele;+01:00;Europe/Stockholm
LYE;GB;Lyneham;+00:00;Europe/London
LYR;NO;Longyearbyen;+01:00;Europe/Oslo
LYS;FR;Lyon;+01:00;Europe/Paris
LYX;GB;Lydd;+00:00;Europe/London
MAD;ES;Madrid;+01:00;Europe/Madrid
MAH;ES;Menorca;+01:00;Europe/Madrid
MAN;GB;Manchester;+00:00;Europe/London
MBX;SI;Maribor;+01:00;Europe/Ljubljana
MCM;MC;Monaco;+01:00;Europe/Monaco
MCQ;HU;Miskolc;+01:00;Europe/Budapest
MCU;FR;Montlucon;+01:00;Europe/Paris
MCX;RU;Makhachkala;+03:00;Europe/Moscow
MEH;NO;Mehamn;+01:00;Europe/Oslo
MEN;FR;Mende;+01:00;Europe/Paris
MFX;FR;Meribel;+01:00;Europe/Paris
MHG;DE;Mannheim;+01:00;Europe/Berlin
MHQ;FI;Mariehamn;+02:00;Europe/Helsinki
MHZ;GB;Mildenhall;+00:00;Europe/London
MIK;FI;Mikkeli;+02:00;Europe/Helsinki
MIL;IT;Milan;+01:00;Europe/Rome
MJF;NO;Mosjoen;+01:00;Europe/Oslo
MJT;GR;Mytilini;+02:00;Europe/Athens
MJV;ES;Murcia;+01:00;Europe/Madrid
MKA;CZ;Marianske Lazne;+01:00;Europe/Prague
MKD;FR;Macon;+01:00;Europe/Paris
MKF;DE;Muenster/Osnabrueck;+01:00;Europe/Berlin
MLA;MT;Malta;+01:00;Europe/Malta
MLN;ES;Melilla;+01:00;Europe/Madrid
MLO;GR;Milos;+02:00;Europe/Athens
MLX;TR;Malatya;+03:00;Europe/Istanbul
MMA;SE;Malmo;+01:00;Europe/Stockholm
MME;GB;Durham;+00:00;Europe/London
MMK;RU;Murmansk;+03:00;Europe/Moscow
MOL;NO;Molde;+01:00;Europe/Oslo
MOW;RU;Moscow;+03:00;Europe/Moscow
MPL;FR;Montpellier;+01:00;Europe/Paris
MPW;UA;Mariupol;+02:00;Europe/Zaporozhye
MQM;TR;Mardin;+03:00;Europe/Istanbul
MQN;NO;Mo I Rana;+01:00;Europe/Oslo
MRS;FR;Marseille;+01:00;Europe/Paris
MRV;RU;Mineralnye Vody;+03:00;Europe/Moscow
MRW;DK;Maribo;+01:00;Europe/Copenhagen
MSE;GB;Manston;+00:00;Europe/London
MSQ;BY;Minsk;+03:00;Europe/Minsk
MSR;TR;Mus;+03:00;Europe/Istanbul
MST;NL;Maastricht/Aachen;+01:00;Europe/Amsterdam
MUC;DE;Munich;+01:00;Europe/Berlin
MVQ;BY;Mogilev;+03:00;Europe/Minsk
MVV;FR;Megeve;+01:00;Europe/Paris
MWW;BE;Mouscron;+01:00;Europe/Brussels
MXN;FR;Morlaix;+01:00;Europe/Paris
MXR;UA;Myrhorod;+02:00;Europe/Zaporozhye
MXX;SE;Mora;+01:00;Europe/Stockholm
MZH;TR;Amasya;+03:00;Europe/Istanbul
NAL;RU;Nalchik;+03:00;Europe/Moscow
NAP;IT;Naples;+01:00;Europe/Rome
NAV;TR;Nevsehir;+03:00;Europe/Istanbul
NBC;RU;Nizhnekamsk;+03:00;Europe/Moscow
NCE;FR;Nice;+01:00;Europe/Paris
NCL;GB;Newcastle;+00:00;Europe/London
NCY;FR;Annecy;+01:00;Europe/Paris
NDO;ES;La Palma Del Condada;+01:00;Europe/Madrid
NDY;GB;Sanday;+00:00;Europe/London
NDZ;DE;Nordholz-Spieka;+01:00;Europe/Berlin
NHR;IT;Napoli Afragola High Speed Rail;+01:00;Europe/Rome
NHT;GB;Northolt;+00:00;Europe/London
NIT;FR;Niort;+01:00;Europe/Paris
NKT;TR;Sirnak;+03:00;Europe/Istanbul
NLV;UA;Mykolaiv;+02:00;Europe/Zaporozhye
NNE;FR;Narbonne;+01:00;Europe/Paris
NNM;RU;Naryan-Mar;+03:00;Europe/Moscow
NNR;IE;Spiddal;+00:00;Europe/Dublin
NOC;IE;Knock;+00:00;Europe/Dublin
NOD;DE;Norden;+01:00;Europe/Berlin
NOE;DE;Norddeich;+01:00;Europe/Berlin
NOI;RU;Novorossiysk;+03:00;Europe/Moscow
NOP;TR;Sinop;+03:00;Europe/Istanbul
NPD;FR;Gare Nimes Pont-Du-Gard;+01:00;Europe/Paris
NQT;GB;Nottingham;+00:00;Europe/London
NQY;GB;Newquay;+00:00;Europe/London
NRD;DE;Norderney;+01:00;Europe/Berlin
NRK;SE;Norrkoping;+01:00;Europe/Stockholm
NRL;GB;North Ronaldsay;+00:00;Europe/London
NSY;IT;Sigonella;+01:00;Europe/Rome
NTB;NO;Notodden;+01:00;Europe/Oslo
NTE;FR;Nantes;+01:00;Europe/Paris
NUE;DE;Nuremberg;+01:00;Europe/Berlin
NVK;NO;Narvik;+01:00;Europe/Oslo
NVR;RU;Novgorod;+03:00;Europe/Moscow
NVS;FR;Nevers;+01:00;Europe/Paris
NWI;GB;Norwich;+00:00;Europe/London
OBF;DE;Oberpfaffenhofen;+01:00;Europe/Berlin
OBL;BE;Zoersel;+01:00;Europe/Brussels
OBN;GB;Oban;+00:00;Europe/London
OBS;FR;Aubenas;+01:00;Europe/Paris
ODB;ES;Cordoba;+01:00;Europe/Madrid
ODE;DK;Odense;+01:00;Europe/Copenhagen
ODH;GB;Odiham;+00:00;Europe/London
ODS;UA;Odesa;+02:00;Europe/Zaporozhye
OEL;RU;Orel;+03:00;Europe/Moscow
OER;SE;Ornskoldsvik;+01:00;Europe/Stockholm
OGU;TR;Ordu Giresun;+03:00;Europe/Istanbul
OGZ;RU;Vladikavkaz;+03:00;Europe/Moscow
OHD;MK;Ohrid;+01:00;Europe/Skopje
OHR;DE;Wyk Auf Fohr;+01:00;Europe/Berlin
OIL;NL;Den Haag;+01:00;Europe/Amsterdam
OKH;GB;Oakham;+00:00;Europe/London
OLA;NO;Orland;+01:00;Europe/Oslo
OLB;IT;Olbia;+01:00;Europe/Rome
OLO;CZ;Olomouc;+01:00;Europe/Prague
OLT;ES;Toledo;+01:00;Europe/Madrid
OMO;BA;Mostar;+01:00;Europe/Sarajevo
OMR;RO;Oradea;+02:00;Europe/Bucharest
ONQ;TR;Zonguldak;+03:00;Europe/Istanbul
OPO;PT;Porto;+00:00;Europe/Lisbon
ORB;SE;Orebro;+01:00;Europe/Stockholm
ORE;FR;Orleans;+01:00;Europe/Paris
ORK;IE;Cork;+00:00;Europe/Dublin
ORM;GB;Northampton;+00:00;Europe/London
OSD;SE;Are/Ostersund;+01:00;Europe/Stockholm
OSF;RU;Podolsk;+03:00;Europe/Moscow
OSI;HR;Osijek;+01:00;Europe/Zagreb
OSK;SE;Oskarshamn;+01:00;Europe/Stockholm
OSL;NO;Oslo;+01:00;Europe/Oslo
OSP;PL;Slupsk;+01:00;Europe/Warsaw
OSR;CZ;Ostrava;+01:00;Europe/Prague
OST;BE;Oostende/Brugge;+01:00;Europe/Brussels
OSY;NO;Namsos;+01:00;Europe/Oslo
OSZ;PL;Koszalin;+01:00;Europe/Warsaw
OUK;GB;Out Skerries;+00:00;Europe/London
OUL;FI;Oulu;+02:00;Europe/Helsinki
OUQ;ES;Ourense;+01:00;Europe/Madrid
OVD;ES;Asturias;+01:00;Europe/Madrid
OVI;ES;Oviedo;+01:00;Europe/Madrid
OVO;ES;Oviedo;+01:00;Europe/Madrid
OXF;GB;Oxford;+00:00;Europe/London
OXQ;GB;Oxford;+00:00;Europe/London
OZH;UA;Zaporizhia;+02:00;Europe/Zaporozhye
OZI;ES;Bobadilla;+01:00;Europe/Madrid
OZP;ES;Moron;+01:00;Europe/Madrid
OZU;ES;Montilla;+01:00;Europe/Madrid
PAD;DE;Paderborn/Lippstadt;+01:00;Europe/Berlin
PAR;FR;Paris;+01:00;Europe/Paris
PAS;GR;Paros;+02:00;Europe/Athens
PCI;ES;Palencia;+01:00;Europe/Madrid
PCW;GB;Par;+00:00;Europe/London
PDV;BG;Plovdiv;+02:00;Europe/Sofia
PED;CZ;Pardubice;+01:00;Europe/Prague
PEF;DE;Peenemuende;+01:00;Europe/Berlin
PEG;IT;Perugia;+01:00;Europe/Rome
PEJ;IT;Peschiei;+01:00;Europe/Rome
PES;RU;Petrozavodsk;+03:00;Europe/Moscow
PEV;HU;Pecs;+01:00;Europe/Budapest
PEX;RU;Pechora;+03:00;Europe/Moscow
PEZ;RU;Penza;+03:00;Europe/Moscow
PFE;ES;Ponferrada;+01:00;Europe/Madrid
PGF;FR;Perpignan;+01:00;Europe/Paris
PGX;FR;Perigueux;+01:00;Europe/Paris
PHM;DE;Boeblingen;+01:00;Europe/Berlin
PIS;FR;Poitiers;+01:00;Europe/Paris
PJA;SE;Pajala;+01:00;Europe/Stockholm
PKH;GR;Portochelion;+02:00;Europe/Athens
PKV;RU;Pskov;+03:00;Europe/Moscow
PLG;FR;La Plagne;+01:00;Europe/Paris
PLH;GB;Plymouth;+00:00;Europe/London
PLQ;LT;Klaipeda/Palanga;+02:00;Europe/Vilnius
PLV;UA;Poltava;+02:00;Europe/Zaporozhye
PME;GB;Portsmouth;+00:00;Europe/London
PMI;ES;Palma De Mallorca;+01:00;Europe/Madrid
PMO;IT;Palermo;+01:00;Europe/Rome
PNA;ES;Pamplona;+01:00;Europe/Madrid
PNL;IT;Pantelleria;+01:00;Europe/Rome
PNV;LT;Panevezys;+02:00;Europe/Vilnius
POK;AT;St Polton;+01:00;Europe/Vienna
POQ;GB;Poole;+00:00;Europe/London
POR;FI;Pori;+02:00;Europe/Helsinki
POV;SK;Presov;+01:00;Europe/Bratislava
POW;SI;Portoroz;+01:00;Europe/Ljubljana
POZ;PL;Poznan;+01:00;Europe/Warsaw
PPW;GB;Papa Westray;+00:00;Europe/London
PRG;CZ;Prague;+01:00;Europe/Prague
PRJ;IT;Capri;+01:00;Europe/Rome
PRM;PT;Portimao;+00:00;Europe/Lisbon
PRP;FR;Propriano;+01:00;Europe/Paris
PRT;RS;Pristina;+01:00;Europe/Belgrade
PRV;CZ;Prerov;+01:00;Europe/Prague
PSA;IT;Pisa;+01:00;Europe/Rome
PSH;DE;St Peter-Ording;+01:00;Europe/Berlin
PSL;GB;Perth;+00:00;Europe/London
PSR;IT;Pescara;+01:00;Europe/Rome
PSV;GB;Papa Stour;+00:00;Europe/London
PTE;ES;Pontevedra;+01:00;Europe/Madrid
PUF;FR;Pau;+01:00;Europe/Paris
PUY;HR;Pula;+01:00;Europe/Zagreb
PVK;GR;Preveza/Lefkada;+02:00;Europe/Athens
PVN;BG;Pleven;+02:00;Europe/Sofia
PXO;PT;Porto Santo;+00:00;Europe/Lisbon
PXS;ES;Puerto De Santa Maria;+01:00;Europe/Madrid
PYR;GR;Pyrgos;+02:00;Europe/Athens
PZC;GB;Penzance;+00:00;Europe/London
PZE;GB;Penzance;+00:00;Europe/London
PZY;SK;Piestany;+01:00;Europe/Bratislava
QAD;IT;Pordenone;+01:00;Europe/Rome
QAI;FR;Aime;+01:00;Europe/Paris
QAL;IT;Alessandria;+01:00;Europe/Rome
QAM;FR;Amiens;+01:00;Europe/Paris
QAO;IT;Agrigento Bus Stop;+01:00;Europe/Rome
QAQ;IT;L'aquila;+01:00;Europe/Rome
QAY;RO;Alba Iulia;+02:00;Europe/Bucharest
QAZ;PL;Zakopane;+01:00;Europe/Warsaw
QBA;ME;Budva;+01:00;Europe/Podgorica
QBG;RS;Pancevo;+01:00;Europe/Belgrade
QBH;FR;Levallois-Perret;+01:00;Europe/Paris
QBI;MK;Bitola;+01:00;Europe/Skopje
QBM;FR;Bourg St Maurice;+01:00;Europe/Paris
QBO;DE;Bochum;+01:00;Europe/Berlin
QBQ;FR;Besancon;+01:00;Europe/Paris
QBS;IT;Brescia;+01:00;Europe/Rome
QBV;IT;Benevento;+01:00;Europe/Rome
QBY;RO;Bistrita/Nasaud;+02:00;Europe/Bucharest
QCL;IT;Caltanissetta;+01:00;Europe/Rome
QCM;IT;Como;+01:00;Europe/Rome
QCS;IT;Cosenza;+01:00;Europe/Rome
QCY;GB;Coningsby;+00:00;Europe/London
QCZ;IT;Catanzaro;+01:00;Europe/Rome
QDA;FR;Gare De Douai;+01:00;Europe/Paris
QDD;RO;Botosani;+02:00;Europe/Bucharest
QDG;PL;Ostrow Wielkopolski;+01:00;Europe/Warsaw
QDH;GB;Ashford International;+00:00;Europe/London
QDI;AT;Hohenems/Dornbirn;+01:00;Europe/Vienna
QEA;IT;Teramo;+01:00;Europe/Rome
QEF;DE;Egelsbach;+01:00;Europe/Berlin
QEI;DE;Crailsheim;+01:00;Europe/Berlin
QEO;PL;Bielsko-Biala;+01:00;Europe/Warsaw
QEP;PL;Tarnobrzeg;+01:00;Europe/Warsaw
QEQ;CH;Embrach/Rorbas;+01:00;Europe/Zurich
QEV;FR;Courbevoie;+01:00;Europe/Paris
QEW;GB;Leicester;+00:00;Europe/London
QEX;DE;Emmerich;+01:00;Europe/Berlin
QEZ;IT;Pomezia;+01:00;Europe/Rome
QFA;NL;Aalsmeer;+01:00;Europe/Amsterdam
QFB;DE;Freiburg;+01:00;Europe/Berlin
QFC;FR;Creteil;+01:00;Europe/Paris
QFH;DK;Frederikshavn;+01:00;Europe/Copenhagen
QFK;NO;Selje Harbour;+01:00;Europe/Oslo
QFL;DE;Freilassing;+01:00;Europe/Berlin
QFO;GB;Duxford;+00:00;Europe/London
QFP;DE;Ficticious Point/L;+01:00;Europe/Berlin
QFQ;NO;Maloy Harbour;+01:00;Europe/Oslo
QFR;IT;Frosinone;+01:00;Europe/Rome
QGL;CH;St Gallen;+01:00;Europe/Zurich
QGN;ES;Tarragona/Camp;+01:00;Europe/Madrid
QGO;IT;Gorizia;+01:00;Europe/Rome
QGY;HU;Gyor;+01:00;Europe/Budapest
QHA;BE;Hasselt;+01:00;Europe/Brussels
QHJ;DK;Hjorring;+01:00;Europe/Copenhagen
QHQ;DE;Cham;+01:00;Europe/Berlin
QHU;DE;Husum;+01:00;Europe/Berlin
QHZ;NL;Hoofddorp;+01:00;Europe/Amsterdam
QIC;IT;Siracusa;+01:00;Europe/Rome
QIE;FR;Istres;+01:00;Europe/Paris
QIF;GB;Isleworth;+00:00;Europe/London
QII;DE;Lindau;+01:00;Europe/Berlin
QIJ;ES;Gijon;+01:00;Europe/Madrid
QIN;TR;Mersin;+03:00;Europe/Istanbul
QIP;DE;Simbach;+01:00;Europe/Berlin
QIU;ES;Ciudadela;+01:00;Europe/Madrid
QJL;NO;Kjollefjord;+01:00;Europe/Oslo
QJR;ES;La Junquera;+01:00;Europe/Madrid
QJS;DK;Saeby;+01:00;Europe/Copenhagen
QJV;DK;Skagen;+01:00;Europe/Copenhagen
QJW;DK;Kjellerup;+01:00;Europe/Copenhagen
QJY;PL;Kolobrzeg;+01:00;Europe/Warsaw
QKF;DE;Krefeld;+01:00;Europe/Berlin
QKG;GR;Chalkida;+02:00;Europe/Athens
QKI;PL;Kielce;+01:00;Europe/Warsaw
QKK;NO;Karasjok Off-Line;+01:00;Europe/Oslo
QKX;NO;Kautokeino;+01:00;Europe/Oslo
QKZ;DE;Konstanz;+01:00;Europe/Berlin
QLA;GB;Lasham;+00:00;Europe/London
QLC;PL;Gliwice;+01:00;Europe/Warsaw
QLF;FI;Lahti;+02:00;Europe/Helsinki
QLG;DE;Landshut;+01:00;Europe/Berlin
QLH;DE;Kelsterbach;+01:00;Europe/Berlin
QLJ;CH;Lucerne;+01:00;Europe/Zurich
QLM;ES;La Munoza;+01:00;Europe/Madrid
QLN;IT;Sulmona;+01:00;Europe/Rome
QLP;IT;La Spezia;+01:00;Europe/Rome
QLR;PT;Leiria;+00:00;Europe/Lisbon
QLS;CH;Lausanne;+01:00;Europe/Zurich
QLT;IT;Latina;+01:00;Europe/Rome
QLU;PL;Lublin;+01:00;Europe/Warsaw
QLX;AT;Lauterach;+01:00;Europe/Vienna
QLZ;DK;Ikast;+01:00;Europe/Copenhagen
QME;IT;Messina Bus Stop;+01:00;Europe/Rome
QMM;IT;Marina Di Massa;+01:00;Europe/Rome
QMO;BE;Mons;+01:00;Europe/Brussels
QMR;IT;Marsala;+01:00;Europe/Rome
QMU;FR;Moutiers;+01:00;Europe/Paris
QMZ;DE;Mainz;+01:00;Europe/Berlin
QNC;CH;Neuchatel;+01:00;Europe/Zurich
QND;RS;Novi Sad;+01:00;Europe/Belgrade
QNJ;FR;Annemasse;+01:00;Europe/Paris
QNL;FR;Neuilly-Sur-Seine;+01:00;Europe/Paris
QNM;BE;Namur;+01:00;Europe/Brussels
QNO;IT;Ascoli Piceno;+01:00;Europe/Rome
QNQ;NL;Nijmegen;+01:00;Europe/Amsterdam
QNU;IT;Nuoro Bus Stop;+01:00;Europe/Rome
QNX;FR;Macon;+01:00;Europe/Paris
QOB;DE;Ansbach;+01:00;Europe/Berlin
QOG;DE;Homburg;+01:00;Europe/Berlin
QOK;NO;Oksfjord;+01:00;Europe/Oslo
QON;BE;Arlon;+01:00;Europe/Brussels
QOP;IT;Codroipo;+01:00;Europe/Rome
QOR;TR;Ordu;+03:00;Europe/Istanbul
QOS;IT;Oristano;+01:00;Europe/Rome
QOX;DE;Memmingen;+01:00;Europe/Berlin
QOY;PL;Lomza;+01:00;Europe/Warsaw
QPA;IT;Padova Central;+01:00;Europe/Rome
QPB;IT;Campobasso;+01:00;Europe/Rome
QPC;PL;Plock;+01:00;Europe/Warsaw
QPD;IT;Palau Bus Stop;+01:00;Europe/Rome
QPK;DE;Strausberg;+01:00;Europe/Berlin
QPL;RO;Ploiesti;+02:00;Europe/Bucharest
QPM;PL;Opole;+01:00;Europe/Warsaw
QPN;RO;Piatra Neamt;+02:00;Europe/Bucharest
QPO;IT;Potenza;+01:00;Europe/Rome
QPR;IT;Prato;+01:00;Europe/Rome
QPT;NL;Rhenen Ouwehands Dierenpark Bus St.;+01:00;Europe/Amsterdam
QPZ;IT;Piacenza;+01:00;Europe/Rome
QQD;GB;Dover Priory;+00:00;Europe/London
QQH;GB;Harwich Town;+00:00;Europe/London
QQR;GB;Ramsgate;+00:00;Europe/London
QQX;GB;Bath Spa;+00:00;Europe/London
QQY;GB;York;+00:00;Europe/London
QRB;DE;Ravensburg;+01:00;Europe/Berlin
QRG;IT;Ragusa Bus Stop;+01:00;Europe/Rome
QRI;TR;Rize;+03:00;Europe/Istanbul
QRL;ES;Marbella;+01:00;Europe/Madrid
QRQ;TR;Marmaris;+03:00;Europe/Istanbul
QRS;RO;Resita;+02:00;Europe/Bucharest
QRT;IT;Rieti;+01:00;Europe/Rome
QRV;FR;Arras;+01:00;Europe/Paris
QSA;ES;Sabadell;+01:00;Europe/Madrid
QSH;DE;Seeheim;+01:00;Europe/Berlin
QSM;DE;Uetersen;+01:00;Europe/Berlin
QSR;IT;Salerno;+01:00;Europe/Rome
QSS;IT;Sassari Bus Stop;+01:00;Europe/Rome
QST;TR;Izmit;+03:00;Europe/Istanbul
QSV;RO;Sovata;+02:00;Europe/Bucharest
QSY;DE;Ruedesheim;+01:00;Europe/Berlin
QTC;IT;Caserta;+01:00;Europe/Rome
QTI;IT;Termini Imerese;+01:00;Europe/Rome
QTJ;FR;Chartres;+01:00;Europe/Paris
QTK;DE;Rottenburg;+01:00;Europe/Berlin
QTP;NO;Tana;+01:00;Europe/Oslo
QTX;IT;Arbatax;+01:00;Europe/Rome
QUA;DE;Puttgarden;+01:00;Europe/Berlin
QUG;GB;Chichester;+00:00;Europe/London
QUL;DE;Ulm;+01:00;Europe/Berlin
QUQ;ES;Caceres;+01:00;Europe/Madrid
QUX;FR;Caudebec En Caux;+01:00;Europe/Paris
QUY;GB;Wyton;+00:00;Europe/London
QVA;IT;Varese;+01:00;Europe/Rome
QVD;FI;Salo;+02:00;Europe/Helsinki
QVE;FI;Forssa;+02:00;Europe/Helsinki
QVF;FI;Karkkila;+02:00;Europe/Helsinki
QVG;FR;Vilgenis;+01:00;Europe/Paris
QVI;FR;Valbonne;+01:00;Europe/Paris
QVJ;BG;Vrajdebna;+02:00;Europe/Sofia
QVK;FI;Valkeakoski;+02:00;Europe/Helsinki
QVL;AT;Villach;+01:00;Europe/Vienna
QVM;FI;Hameenlinna;+02:00;Europe/Helsinki
QVN;IT;Avellino Bus Stop;+01:00;Europe/Rome
QVO;NO;Havoysund;+01:00;Europe/Oslo
QVQ;DE;Verden;+01:00;Europe/Berlin
QVS;FI;Tervakoski;+02:00;Europe/Helsinki
QVT;FI;Riihimaki;+02:00;Europe/Helsinki
QVU;LI;Vaduz;+01:00;Europe/Vaduz
QVV;FI;Heinola;+02:00;Europe/Helsinki
QVW;FI;Kotka;+02:00;Europe/Helsinki
QVX;NL;Veenendaal-De Klomp;+01:00;Europe/Amsterdam
QVY;FI;Kouvola;+02:00;Europe/Helsinki
QVZ;FI;Hamina;+02:00;Europe/Helsinki
QWD;DE;Mittenwald;+01:00;Europe/Berlin
QWK;PL;Wloclawek;+01:00;Europe/Warsaw
QWO;DK;Holstebro;+01:00;Europe/Copenhagen
QWQ;DK;Struer;+01:00;Europe/Copenhagen
QWR;DE;Donauwoerth;+01:00;Europe/Berlin
QWT;ES;Talavera De La Reina;+01:00;Europe/Madrid
QWU;DE;Wuerzburg;+01:00;Europe/Berlin
QWV;RS;Valjevo;+01:00;Europe/Belgrade
QWW;ES;Navalmoral De La Mata Off-Line Poin;+01:00;Europe/Madrid
QWX;ES;Merida;+01:00;Europe/Madrid
QWZ;NL;Best;+01:00;Europe/Amsterdam
QXB;FR;Aix-En-Provence Tgv;+01:00;Europe/Paris
QXE;IT;Sora;+01:00;Europe/Rome
QXF;DK;Vestbjerg Z1;+01:00;Europe/Copenhagen
QXI;FI;Loviisa;+02:00;Europe/Helsinki
QXJ;FI;Porvoo;+02:00;Europe/Helsinki
QXK;FR;St-Genis;+01:00;Europe/Paris
QXP;MK;Struga;+01:00;Europe/Skopje
QXV;DK;Svendborg;+01:00;Europe/Copenhagen
QXZ;AT;Woergl;+01:00;Europe/Vienna
QYC;NL;Drachten;+01:00;Europe/Amsterdam
QYD;PL;Gdynia;+01:00;Europe/Warsaw
QYE;NL;Enschede;+01:00;Europe/Amsterdam
QYG;DE;German Rail Zone G;+01:00;Europe/Berlin
QYH;NL;Hengelo;+01:00;Europe/Amsterdam
QYI;NL;Hilversum;+01:00;Europe/Amsterdam
QYJ;DE;German Rail Zone J;+01:00;Europe/Berlin
QYL;NL;Almelo;+01:00;Europe/Amsterdam
QYM;NL;Amersfoort;+01:00;Europe/Amsterdam
QYO;PL;Olsztyn Glowny;+01:00;Europe/Warsaw
QYP;NL;Apeldoorn;+01:00;Europe/Amsterdam
QYQ;DK;Sulsted;+01:00;Europe/Copenhagen
QYR;FR;Troyes;+01:00;Europe/Paris
QYT;NL;Paterswolde;+01:00;Europe/Amsterdam
QYV;NL;Deventer;+01:00;Europe/Amsterdam
QYX;SE;Uppsala C;+01:00;Europe/Stockholm
QYY;PL;Bialystok;+01:00;Europe/Warsaw
QYZ;NL;Heerenveen;+01:00;Europe/Amsterdam
QZB;CH;Zermatt;+01:00;Europe/Zurich
QZD;HU;Szeged;+01:00;Europe/Budapest
QZE;FR;Mont-Louis;+01:00;Europe/Paris
QZF;FR;Font Romeu;+01:00;Europe/Paris
QZG;FR;La Llagonne;+01:00;Europe/Paris
QZH;FR;Les Angles;+01:00;Europe/Paris
QZJ;FI;Loimaa;+02:00;Europe/Helsinki
QZK;FI;Mantsala;+02:00;Europe/Helsinki
QZO;IT;Arezzo;+01:00;Europe/Rome
QZR;IT;Aprilia;+01:00;Europe/Rome
QZS;NO;Soroya;+01:00;Europe/Oslo
QZU;FI;Rauma;+02:00;Europe/Helsinki
QZV;FR;Roissy-En-France;+01:00;Europe/Paris
RAN;IT;Ravenna;+01:00;Europe/Rome
RAY;GB;Rothesay;+00:00;Europe/London
RBM;DE;Straubing;+01:00;Europe/Berlin
RCC;IT;Reggio Di Calabria Central Rail Sta;+01:00;Europe/Rome
RCO;FR;Rochefort;+01:00;Europe/Paris
RCS;GB;Rochester;+00:00;Europe/London
RDO;PL;Radom;+01:00;Europe/Warsaw
RDZ;FR;Rodez;+01:00;Europe/Paris
REB;DE;Rechlin;+01:00;Europe/Berlin
REG;IT;Reggio Di Calabria;+01:00;Europe/Rome
RET;NO;Rost;+01:00;Europe/Oslo
REU;ES;Reus;+01:00;Europe/Madrid
RGS;ES;Burgos;+01:00;Europe/Madrid
RHE;FR;Reims;+01:00;Europe/Paris
RHO;GR;Rhodes;+02:00;Europe/Athens
RIX;LV;Riga;+02:00;Europe/Riga
RJK;HR;Rijeka;+01:00;Europe/Zagreb
RJL;ES;Logrono;+01:00;Europe/Madrid
RLG;DE;Rostock;+01:00;Europe/Berlin
RMI;IT;Rimini;+01:00;Europe/Rome
RMS;DE;Ramstein;+01:00;Europe/Berlin
RMU;ES;Corvera;+01:00;Europe/Madrid
RNB;SE;Ronneby/Karlskrona;+01:00;Europe/Stockholm
RNE;FR;Roanne;+01:00;Europe/Paris
RNN;DK;Bornholm;+01:00;Europe/Copenhagen
RNS;FR;Rennes;+01:00;Europe/Paris
RNW;GB;Ringwood;+00:00;Europe/London
ROM;IT;Rome;+01:00;Europe/Rome
ROU;BG;Ruse;+02:00;Europe/Sofia
ROV;RU;Rostov;+03:00;Europe/Moscow
ROZ;ES;Rota;+01:00;Europe/Madrid
RRA;ES;Ronda;+01:00;Europe/Madrid
RRO;IT;Sorrento;+01:00;Europe/Rome
RRS;NO;Roros;+01:00;Europe/Oslo
RSY;FR;Roissy;+01:00;Europe/Paris
RTM;NL;Rotterdam;+01:00;Europe/Amsterdam
RTW;RU;Saratov;+04:00;Europe/Volgograd
RVK;NO;Rorvik;+01:00;Europe/Oslo
RVN;FI;Rovaniemi;+02:00;Europe/Helsinki
RWN;UA;Rivne;+02:00;Europe/Zaporozhye
RYB;RU;Rybinsk;+03:00;Europe/Moscow
RYN;FR;Royan;+01:00;Europe/Paris
RZE;PL;Rzeszow;+01:00;Europe/Warsaw
RZN;RU;Ryazan;+03:00;Europe/Moscow
RZV;TR;Rize;+03:00;Europe/Istanbul
SAY;IT;Siena;+01:00;Europe/Rome
SBK;FR;St-Brieuc;+01:00;Europe/Paris
SBZ;RO;Sibiu;+02:00;Europe/Bucharest
SCN;DE;Saarbrucken;+01:00;Europe/Berlin
SCP;FR;Mont-Dauphin;+01:00;Europe/Paris
SCQ;ES;Santiago De Compostela;+01:00;Europe/Madrid
SCR;SE;Salen;+01:00;Europe/Stockholm
SCV;RO;Suceava;+02:00;Europe/Bucharest
SCW;RU;Syktyvkar;+03:00;Europe/Moscow
SDL;SE;Sundsvall/Harnosand;+01:00;Europe/Stockholm
SDN;NO;Sandane;+01:00;Europe/Oslo
SDR;ES;Santander;+01:00;Europe/Madrid
SDZ;GB;Shetland Islands;+00:00;Europe/London
SEC;FR;Serre Chevalier;+01:00;Europe/Paris
SEI;RO;Sibiu;+02:00;Europe/Bucharest
SEV;UA;Severodonetsk;+02:00;Europe/Zaporozhye
SEX;DE;Sembach;+01:00;Europe/Berlin
SFQ;TR;Sanliurfa;+03:00;Europe/Istanbul
SFT;SE;Skelleftea;+01:00;Europe/Stockholm
SGD;DK;Sonderborg;+01:00;Europe/Copenhagen
SGE;DE;Siegen;+01:00;Europe/Berlin
SIE;PT;Sines;+00:00;Europe/Lisbon
SIP;UA;Simferopol;+02:00;Europe/Zaporozhye
SIR;CH;Sion;+01:00;Europe/Zurich
SJJ;BA;Sarajevo;+01:00;Europe/Sarajevo
SJY;FI;Seinajoki;+02:00;Europe/Helsinki
SKE;NO;Skien;+01:00;Europe/Oslo
SKG;GR;Thessaloniki;+02:00;Europe/Athens
SKL;GB;Skye;+00:00;Europe/London
SKN;NO;Stokmarknes;+01:00;Europe/Oslo
SKP;MK;Skopje;+01:00;Europe/Skopje
SKS;DK;Vojens;+01:00;Europe/Copenhagen
SKU;GR;Skyros;+02:00;Europe/Athens
SKX;RU;Saransk;+03:00;Europe/Moscow
SLD;SK;Sliac;+01:00;Europe/Bratislava
SLM;ES;Salamanca;+01:00;Europe/Madrid
SLS;BG;Silistra;+02:00;Europe/Sofia
SMI;GR;Samos;+02:00;Europe/Athens
SMV;CH;St Moritz;+01:00;Europe/Zurich
SNN;IE;Shannon;+00:00;Europe/Dublin
SNR;FR;St-Nazaire;+01:00;Europe/Paris
SOB;HU;Balaton;+01:00;Europe/Budapest
SOF;BG;Sofia;+02:00;Europe/Sofia
SOG;NO;Sogndal;+01:00;Europe/Oslo
SOJ;NO;Sorkjosen;+01:00;Europe/Oslo
SOO;SE;Soderhamn;+01:00;Europe/Stockholm
SOT;FI;Sodankyla;+02:00;Europe/Helsinki
SOU;GB;Southampton;+00:00;Europe/London
SOY;GB;Stronsay;+00:00;Europe/London
SOZ;FR;Solenzara;+01:00;Europe/Paris
SPJ;GR;Sparta;+02:00;Europe/Athens
SPM;DE;Spangdahlem;+01:00;Europe/Berlin
SPO;ES;San Pablo;+01:00;Europe/Madrid
SPU;HR;Split;+01:00;Europe/Zagreb
SQO;SE;Storuman;+01:00;Europe/Stockholm
SQQ;LT;Siauliai;+02:00;Europe/Vilnius
SQW;DK;Skive;+01:00;Europe/Copenhagen
SQZ;GB;Scampton;+00:00;Europe/London
SRP;NO;Stord;+01:00;Europe/Oslo
SSJ;NO;Sandnessjoen;+01:00;Europe/Oslo
STA;DK;Stauning;+01:00;Europe/Copenhagen
STO;SE;Stockholm;+01:00;Europe/Stockholm
STR;DE;Stuttgart;+01:00;Europe/Berlin
STU;RO;Satu Mare;+02:00;Europe/Bucharest
STW;RU;Stavropol;+03:00;Europe/Moscow
SUF;IT;Lamezia Terme;+01:00;Europe/Rome
SUJ;RO;Satu Mare;+02:00;Europe/Bucharest
SVG;NO;Stavanger;+01:00;Europe/Oslo
SVJ;NO;Svolvaer;+01:00;Europe/Oslo
SVL;FI;Savonlinna;+02:00;Europe/Helsinki
SVQ;ES;Sevilla;+01:00;Europe/Madrid
SWI;GB;Swindon;+00:00;Europe/London
SWK;IT;Segrate;+01:00;Europe/Rome
SWS;GB;Swansea;+00:00;Europe/London
SXB;FR;Strasbourg;+01:00;Europe/Paris
SXC;FR;St-Chamond;+01:00;Europe/Paris
SXD;FR;Sophia Antipolis;+01:00;Europe/Paris
SXL;IE;Sligo;+00:00;Europe/Dublin
SXZ;TR;Siirt;+03:00;Europe/Istanbul
SYT;FR;St-Yan;+01:00;Europe/Paris
SYY;GB;Stornoway;+00:00;Europe/London
SZD;GB;Sheffield;+00:00;Europe/London
SZF;TR;Samsun;+03:00;Europe/Istanbul
SZG;AT;Salzburg;+01:00;Europe/Vienna
SZR;BG;Stara Zagora;+02:00;Europe/Sofia
SZT;FR;Gare De Sete;+01:00;Europe/Paris
SZW;DE;Schwerin;+01:00;Europe/Berlin
SZY;PL;Szczytno;+01:00;Europe/Warsaw
SZZ;PL;Szczecin;+01:00;Europe/Warsaw
TAR;IT;Taranto;+01:00;Europe/Rome
TAT;SK;Poprad;+01:00;Europe/Bratislava
TAY;EE;Tartu;+02:00;Europe/Tallinn
TBW;RU;Tambov;+03:00;Europe/Moscow
TCE;RO;Tulcea;+02:00;Europe/Bucharest
TED;DK;Thisted;+01:00;Europe/Copenhagen
TEJ;ES;Teruel;+01:00;Europe/Madrid
TEQ;TR;Tekirdag;+03:00;Europe/Istanbul
TEV;ES;Teruel;+01:00;Europe/Madrid
TFC;IT;Taormina;+01:00;Europe/Rome
TGD;ME;Podgorica;+01:00;Europe/Podgorica
TGF;FR;Tignes;+01:00;Europe/Paris
TGK;RU;Taganrog;+03:00;Europe/Moscow
TGM;RO;Tirgu Mures;+02:00;Europe/Bucharest
TGV;BG;Targovishte;+02:00;Europe/Sofia
THN;SE;Trollhattan/Vanersborg;+01:00;Europe/Stockholm
TIA;AL;Tirana;+01:00;Europe/Tirane
TIV;ME;Tivat;+01:00;Europe/Podgorica
TJK;TR;Tokat;+03:00;Europe/Istanbul
TKU;FI;Turku;+02:00;Europe/Helsinki
TLL;EE;Tallinn;+02:00;Europe/Tallinn
TLN;FR;Toulon/Hyeres;+01:00;Europe/Paris
TLS;FR;Toulouse;+01:00;Europe/Paris
TMP;FI;Tampere;+02:00;Europe/Helsinki
TNF;FR;Toussus-Le-Noble;+01:00;Europe/Paris
TNL;UA;Ternopil;+02:00;Europe/Zaporozhye
TOS;NO;Tromso;+01:00;Europe/Oslo
TPS;IT;Trapani;+01:00;Europe/Rome
TQR;IT;San Domino Island;+01:00;Europe/Rome
TRD;NO;Trondheim;+01:00;Europe/Oslo
TRE;GB;Tiree;+00:00;Europe/London
TRN;IT;Turin;+01:00;Europe/Rome
TRS;IT;Trieste;+01:00;Europe/Rome
TSR;RO;Timisoara;+02:00;Europe/Bucharest
TTB;IT;Tortoli;+01:00;Europe/Rome
TTK;GB;Tottenham Hale;+00:00;Europe/London
TTY;GB;Taunton;+00:00;Europe/London
TUF;FR;Tours;+01:00;Europe/Paris
TXC;BY;Orsha;+03:00;Europe/Minsk
TYA;RU;Tula;+03:00;Europe/Moscow
TYF;SE;Torsby;+01:00;Europe/Stockholm
TZL;BA;Tuzla;+01:00;Europe/Sarajevo
TZX;TR;Trabzon;+03:00;Europe/Istanbul
UAB;TR;Adana;+03:00;Europe/Istanbul
UBW;GB;Bridgwater;+00:00;Europe/London
UCK;UA;Lutsk;+02:00;Europe/Zaporozhye
UCT;RU;Ukhta;+03:00;Europe/Moscow
UDE;NL;Uden;+01:00;Europe/Amsterdam
UDJ;UA;Uzhhorod;+02:00;Europe/Zaporozhye
UDN;IT;Udine;+01:00;Europe/Rome
UER;ES;Puertollano;+01:00;Europe/Madrid
UFM;GB;Falmouth;+00:00;Europe/London
UHE;CZ;Uherske Hradiste;+01:00;Europe/Prague
UHF;GB;Upper Heyford;+00:00;Europe/London
UIP;FR;Quimper;+01:00;Europe/Paris
UKS;UA;Sevastopol;+02:00;Europe/Zaporozhye
ULL;GB;Mull;+00:00;Europe/London
ULV;RU;Ulyanovsk;+04:00;Europe/Volgograd
ULY;RU;Ulyanovsk;+04:00;Europe/Volgograd
UME;SE;Umea;+01:00;Europe/Stockholm
UMY;UA;Sumy;+02:00;Europe/Zaporozhye
UNT;GB;Unst;+00:00;Europe/London
UPF;DE;Pforzheim;+01:00;Europe/Berlin
UPV;GB;Upavon;+00:00;Europe/London
URD;DE;Burg Feuerstein;+01:00;Europe/Berlin
URE;EE;Kuressaare;+02:00;Europe/Tallinn
URO;FR;Rouen;+01:00;Europe/Paris
URS;RU;Kursk;+03:00;Europe/Moscow
USK;RU;Usinsk;+03:00;Europe/Moscow
USQ;TR;Usak;+03:00;Europe/Istanbul
USX;GB;St Austell;+00:00;Europe/London
UTC;NL;Utrecht;+01:00;Europe/Amsterdam
UTI;FI;Utti;+02:00;Europe/Helsinki
UTL;ES;Torremolinos;+01:00;Europe/Madrid
UTS;RU;Ust-Tsilma;+03:00;Europe/Moscow
UUA;RU;Bugulma;+03:00;Europe/Moscow
UWC;GB;Worcester;+00:00;Europe/London
UWP;DE;Wuppertal;+01:00;Europe/Berlin
UZC;RS;Uzice;+01:00;Europe/Belgrade
VAA;FI;Vaasa;+02:00;Europe/Helsinki
VAC;DE;Varrelbusch;+01:00;Europe/Berlin
VAF;FR;Valence;+01:00;Europe/Paris
VAN;TR;Van;+03:00;Europe/Istanbul
VAR;BG;Varna;+02:00;Europe/Sofia
VAS;TR;Sivas;+03:00;Europe/Istanbul
VAW;NO;Vardo;+01:00;Europe/Oslo
VAZ;FR;Val-D'isere;+01:00;Europe/Paris
VBR;RU;Vyborg;+03:00;Europe/Moscow
VBY;SE;Visby;+01:00;Europe/Stockholm
VCE;IT;Venice;+01:00;Europe/Rome
VDB;NO;Fagernes;+01:00;Europe/Oslo
VDS;NO;Vadso;+01:00;Europe/Oslo
VEJ;DK;Vejle;+01:00;Europe/Copenhagen
VGD;RU;Vologda;+03:00;Europe/Moscow
VGO;ES;Vigo;+01:00;Europe/Madrid
VHM;SE;Vilhelmina;+01:00;Europe/Stockholm
VHY;FR;Vichy;+01:00;Europe/Paris
VIC;IT;Vicenza;+01:00;Europe/Rome
VID;BG;Vidin;+02:00;Europe/Sofia
VIE;AT;Vienna;+01:00;Europe/Vienna
VIF;IT;Vieste;+01:00;Europe/Rome
VIN;UA;Vinnytsia;+02:00;Europe/Zaporozhye
VIP;CH;Payerne;+01:00;Europe/Zurich
VIT;ES;Vitoria;+01:00;Europe/Madrid
VKT;RU;Vorkuta;+03:00;Europe/Moscow
VKV;RU;Vaskovo;+03:00;Europe/Moscow
VLC;ES;Valencia;+01:00;Europe/Madrid
VLK;RU;Volgodonsk;+03:00;Europe/Moscow
VLL;ES;Valladolid;+01:00;Europe/Madrid
VLU;RU;Velikiye Luki;+03:00;Europe/Moscow
VLY;GB;Anglesey;+00:00;Europe/London
VNE;FR;Vannes;+01:00;Europe/Paris
VNO;LT;Vilnius;+02:00;Europe/Vilnius
VNT;LV;Ventspils;+02:00;Europe/Riga
VNZ;IT;Vicenza;+01:00;Europe/Rome
VOG;RU;Volgograd;+03:00;Europe/Moscow
VOL;GR;Volos;+02:00;Europe/Athens
VOZ;RU;Voronezh;+03:00;Europe/Moscow
VRI;RU;Varandey;+03:00;Europe/Moscow
VRK;FI;Varkaus;+02:00;Europe/Helsinki
VRL;PT;Vila Real;+00:00;Europe/Lisbon
VRN;IT;Verona;+01:00;Europe/Rome
VRR;AL;Vlore;+01:00;Europe/Tirane
VRY;NO;Vaeroy;+01:00;Europe/Oslo
VSE;PT;Viseu;+00:00;Europe/Lisbon
VSG;UA;Luhansk;+02:00;Europe/Zaporozhye
VSN;NL;Venlo;+01:00;Europe/Amsterdam
VTB;BY;Vitebsk;+03:00;Europe/Minsk
VTL;FR;Vittel;+01:00;Europe/Paris
VUS;RU;Veliky Ustyug;+03:00;Europe/Moscow
VVK;SE;Vastervik;+01:00;Europe/Stockholm
VXO;SE;Vaxjo;+01:00;Europe/Stockholm
WAT;IE;Waterford;+00:00;Europe/Dublin
WAW;PL;Warsaw;+01:00;Europe/Warsaw
WBG;DE;Schleswig;+01:00;Europe/Berlin
WEM;GB;West Malling;+00:00;Europe/London
WEX;IE;Wexford;+00:00;Europe/Dublin
WFD;GB;Woodford;+00:00;Europe/London
WHS;GB;Whalsay;+00:00;Europe/London
WIC;GB;Wick;+00:00;Europe/London
WID;DE;Wildenrath;+01:00;Europe/Berlin
WIE;DE;Wiesbaden;+01:00;Europe/Berlin
WMI;PL;Nowy Dwor Mazowiecki;+01:00;Europe/Warsaw
WNC;GB;Winchester;+00:00;Europe/London
WOE;NL;Bergen Op Zoom;+01:00;Europe/Amsterdam
WRO;PL;Wroclaw;+01:00;Europe/Warsaw
WRT;GB;Warton;+00:00;Europe/London
WRY;GB;Westray;+00:00;Europe/London
WSS;GB;Swansea;+00:00;Europe/London
WTN;GB;Waddington;+00:00;Europe/London
WUK;GB;Hammersmith;+00:00;Europe/London
WVN;DE;Wilhelmshaven;+01:00;Europe/Berlin
WXF;GB;Watford Junction;+00:00;Europe/London
XAB;FR;Abbeville;+01:00;Europe/Paris
XAC;FR;Arcachon;+01:00;Europe/Paris
XAG;FR;Agde;+01:00;Europe/Paris
XAH;DK;Silkeborg;+01:00;Europe/Copenhagen
XAJ;DK;Hirtshals;+01:00;Europe/Copenhagen
XAM;FR;Amboise;+01:00;Europe/Paris
XAN;FR;Alencon;+01:00;Europe/Paris
XAQ;DK;Broenderslev;+01:00;Europe/Copenhagen
XAS;FR;Ales;+01:00;Europe/Paris
XAT;FR;Antibes;+01:00;Europe/Paris
XAV;FR;Albertville;+01:00;Europe/Paris
XBA;FR;Bareges;+01:00;Europe/Paris
XBC;FR;Briancon;+01:00;Europe/Paris
XBD;FR;Bar-Le-Duc;+01:00;Europe/Paris
XBF;FR;Bellegarde;+01:00;Europe/Paris
XBH;FR;Bethune;+01:00;Europe/Paris
XBI;FR;Le Bourg-D'oisans;+01:00;Europe/Paris
XBK;FR;Bourg-En-Bresse;+01:00;Europe/Paris
XBM;FR;Beaulieu-Sur-Mer;+01:00;Europe/Paris
XBP;FR;La Baule-Les-Pins;+01:00;Europe/Paris
XBQ;FR;Blois;+01:00;Europe/Paris
XBS;FR;Boulogne-Sur-Mer;+01:00;Europe/Paris
XBT;FR;Boulogne-Billancourt;+01:00;Europe/Paris
XBU;FR;Banyuls-Sur-Mer;+01:00;Europe/Paris
XBV;FR;Beaune;+01:00;Europe/Paris
XBX;FR;Bernay;+01:00;Europe/Paris
XBY;FR;Bayonne;+01:00;Europe/Paris
XBZ;FR;Bandol;+01:00;Europe/Paris
XCB;FR;Cambrai;+01:00;Europe/Paris
XCC;FR;Le Creusot/Montceau Tgv;+01:00;Europe/Paris
XCD;FR;Chalon-Sur-Saone;+01:00;Europe/Paris
XCE;FR;Cerbere;+01:00;Europe/Paris
XCF;FR;Chamonix-Mont Blanc;+01:00;Europe/Paris
XCG;FR;Cagnes-Sur-Mer;+01:00;Europe/Paris
XCK;FR;St-Die;+01:00;Europe/Paris
XCP;FR;Compiegne;+01:00;Europe/Paris
XCQ;FR;Chamrousse;+01:00;Europe/Paris
XCS;FR;Caussade;+01:00;Europe/Paris
XCT;FR;La Ciotat;+01:00;Europe/Paris
XCU;FR;Collioure;+01:00;Europe/Paris
XCV;FR;Chantilly;+01:00;Europe/Paris
XCW;FR;Chaumont;+01:00;Europe/Paris
XCX;FR;Chatellerault;+01:00;Europe/Paris
XCY;FR;Chateau-Thierry;+01:00;Europe/Paris
XCZ;FR;Charleville-Mezieres;+01:00;Europe/Paris
XDA;FR;Dax;+01:00;Europe/Paris
XDC;FR;Dives/Cabourg;+01:00;Europe/Paris
XDI;FR;Digne;+01:00;Europe/Paris
XDN;FR;Douai;+01:00;Europe/Paris
XDR;FR;Dreux;+01:00;Europe/Paris
XEB;FR;Evian-Les-Bains;+01:00;Europe/Paris
XED;FR;Disneyland Paris Marne/Chessey Rail;+01:00;Europe/Paris
XEP;FR;Epernay;+01:00;Europe/Paris
XEW;SE;Stockholm Flemingsberg;+01:00;Europe/Stockholm
XEX;FR;Paris Aerogare Des Invalides Bus St;+01:00;Europe/Paris
XEZ;SE;Sodertalje S;+01:00;Europe/Stockholm
XFB;FR;Fontainebleau;+01:00;Europe/Paris
XFH;SE;Strangnas;+01:00;Europe/Stockholm
XFU;SE;Tierp;+01:00;Europe/Stockholm
XFX;FR;Foix;+01:00;Europe/Paris
XGC;SE;Lund C;+01:00;Europe/Stockholm
XGD;NO;Arendal;+01:00;Europe/Oslo
XGF;FR;St-Gervais/Le Fayet;+01:00;Europe/Paris
XGH;NO;Flam;+01:00;Europe/Oslo
XGI;NO;Andalsnes;+01:00;Europe/Oslo
XGL;FR;Angouleme;+01:00;Europe/Paris
XGM;GB;Grantham;+00:00;Europe/London
XGP;NO;Dombas;+01:00;Europe/Oslo
XGQ;FI;Saariselka;+02:00;Europe/Helsinki
XGS;NO;Gjerstad;+01:00;Europe/Oslo
XGT;FR;Gueret;+01:00;Europe/Paris
XGU;NO;Asker;+01:00;Europe/Oslo
XGV;FR;St-Gilles/Croix-De-Vie;+01:00;Europe/Paris
XGX;FI;Levi;+02:00;Europe/Helsinki
XGZ;AT;Bregenz;+01:00;Europe/Vienna
XHA;FI;Yllasjarvi;+02:00;Europe/Helsinki
XHC;FI;Akaslompolo;+02:00;Europe/Helsinki
XHD;FI;Ruka;+02:00;Europe/Helsinki
XHE;FR;Tgv Haute Picardie;+01:00;Europe/Paris
XHF;NO;Honefoss;+01:00;Europe/Oslo
XHI;DE;Herzogenaurach;+01:00;Europe/Berlin
XHL;NO;Nelaug;+01:00;Europe/Oslo
XHQ;TR;Artvin Hopa;+03:00;Europe/Istanbul
XHT;NO;Arna;+01:00;Europe/Oslo
XHU;GB;Huntingdon;+00:00;Europe/London
XHV;RO;Brasov;+02:00;Europe/Bucharest
XHY;FR;Hendaye;+01:00;Europe/Paris
XJA;NO;Alvdal;+01:00;Europe/Oslo
XJK;LT;Klaipeda/Palanga;+02:00;Europe/Vilnius
XJO;ES;Soria;+01:00;Europe/Madrid
XJR;ES;Lorca;+01:00;Europe/Madrid
XJZ;FR;St-Jean-De-Luz;+01:00;Europe/Paris
XKB;NO;Kongsberg;+01:00;Europe/Oslo
XKC;NO;Sandnes;+01:00;Europe/Oslo
XKD;NO;Halden;+01:00;Europe/Oslo
XKE;NO;Rena;+01:00;Europe/Oslo
XKF;NO;Fredrikstad;+01:00;Europe/Oslo
XKG;NO;Grong;+01:00;Europe/Oslo
XKI;NO;Lillestrom;+01:00;Europe/Oslo
XKJ;NO;Steinkjer;+01:00;Europe/Oslo
XKK;NO;Larvik;+01:00;Europe/Oslo
XKM;NO;Moss;+01:00;Europe/Oslo
XKN;NO;Finse;+01:00;Europe/Oslo
XKP;NO;Porsgrunn;+01:00;Europe/Oslo
XKQ;NO;Sarpsborg;+01:00;Europe/Oslo
XKU;TR;Kusadasi;+03:00;Europe/Istanbul
XKW;NO;Tonsberg;+01:00;Europe/Oslo
XKZ;NO;Vinstra;+01:00;Europe/Oslo
XLA;FR;La Bastide Puylaurent Off-Line Poin;+01:00;Europe/Paris
XLD;FR;Landerneau;+01:00;Europe/Paris
XLE;FR;Lens;+01:00;Europe/Paris
XLG;FR;Lognes;+01:00;Europe/Paris
XLH;FR;Luchon;+01:00;Europe/Paris
XLI;FR;St-Louis;+01:00;Europe/Paris
XLL;FR;Lons-Le-Saunier;+01:00;Europe/Paris
XLN;FR;Laon;+01:00;Europe/Paris
XLR;FR;Libourne;+01:00;Europe/Paris
XLT;FR;Ax-Les-Thermes;+01:00;Europe/Paris
XLW;DE;Lemwerder;+01:00;Europe/Berlin
XLX;FR;Lisieux;+01:00;Europe/Paris
XME;FR;Maubeuge;+01:00;Europe/Paris
XMF;FR;Montbeliard;+01:00;Europe/Paris
XMJ;FR;Mont-De-Marsan;+01:00;Europe/Paris
XMK;FR;Montelimar;+01:00;Europe/Paris
XMM;MC;Monte-Carlo;+01:00;Europe/Monaco
XMO;FR;Modane;+01:00;Europe/Paris
XMQ;FR;Morzine;+01:00;Europe/Paris
XMR;FR;Marmande;+01:00;Europe/Paris
XMT;FR;Menton;+01:00;Europe/Paris
XMU;FR;Moulins;+01:00;Europe/Paris
XMW;FR;Montauban;+01:00;Europe/Paris
XMZ;GB;Macclesfield;+00:00;Europe/London
XND;NO;Drammen;+01:00;Europe/Oslo
XNE;GB;Newport;+00:00;Europe/London
XNK;GB;Newark North Gate;+00:00;Europe/London
XNO;GB;Northallerton;+00:00;Europe/London
XNR;DK;Aabenraa;+01:00;Europe/Copenhagen
XNV;GB;Nuneaton;+00:00;Europe/London
XOA;DK;Aalbaek;+01:00;Europe/Copenhagen
XOB;NO;Bryne;+01:00;Europe/Oslo
XOD;NO;Oppdal;+01:00;Europe/Oslo
XOG;FR;Orange;+01:00;Europe/Paris
XOH;AT;Kitzbuehel;+01:00;Europe/Vienna
XOI;AT;Ischgl;+01:00;Europe/Vienna
XOL;NO;Myrdal;+01:00;Europe/Oslo
XOO;AT;Soelden;+01:00;Europe/Vienna
XOQ;NO;Sira;+01:00;Europe/Oslo
XOR;NO;Otta;+01:00;Europe/Oslo
XOU;ES;Segovia Guiomar;+01:00;Europe/Madrid
XOW;AT;Seefeld;+01:00;Europe/Vienna
XOY;FR;Aulnoye-Aymeries;+01:00;Europe/Paris
XPF;GB;Penrith;+00:00;Europe/London
XPI;FR;Gare Perpignan Sncf;+01:00;Europe/Paris
XPM;FR;Pontorson/Mt-St-Michel;+01:00;Europe/Paris
XPS;FR;Provins;+01:00;Europe/Paris
XPT;GB;Preston;+00:00;Europe/London
XPV;FR;Port-Vendres;+01:00;Europe/Paris
XPW;GB;Didcot Parkway;+00:00;Europe/London
XPY;FI;Pyha;+02:00;Europe/Helsinki
XQB;GB;Basingstoke;+00:00;Europe/London
XQD;GB;Bedford;+00:00;Europe/London
XQG;GB;Berwick-Upon-Tweed;+00:00;Europe/London
XQL;GB;Lancaster;+00:00;Europe/London
XQM;GB;Market Harborough;+00:00;Europe/London
XQS;FI;Sotkamo;+02:00;Europe/Helsinki
XQT;GB;Lichfield;+00:00;Europe/London
XQW;GB;Motherwell;+00:00;Europe/London
XQY;FR;St-Quentin-En-Yvelines;+01:00;Europe/Paris
XRA;DK;Graasten;+01:00;Europe/Copenhagen
XRC;GB;Runcorn;+00:00;Europe/London
XRD;NO;Egersund;+01:00;Europe/Oslo
XRE;GB;Reading;+00:00;Europe/London
XRG;GB;Rugeley;+00:00;Europe/London
XRI;FR;Riom;+01:00;Europe/Paris
XRM;FR;Armentieres;+01:00;Europe/Paris
XRN;FR;Redon;+01:00;Europe/Paris
XRO;FR;La Roche Sur Yon;+01:00;Europe/Paris
XRS;FR;Les Arcs;+01:00;Europe/Paris
XRT;FR;Rambouillet;+01:00;Europe/Paris
XRU;GB;Rugby;+00:00;Europe/London
XRV;FR;Lyon;+01:00;Europe/Paris
XRX;FR;Roubaix;+01:00;Europe/Paris
XRY;ES;Jerez;+01:00;Europe/Madrid
XRZ;FR;Arras;+01:00;Europe/Paris
XSA;AL;Sarande;+01:00;Europe/Tirane
XSF;FR;Sens;+01:00;Europe/Paris
XSG;FR;St Omer;+01:00;Europe/Paris
XSJ;FR;St-Quentin;+01:00;Europe/Paris
XSK;FR;St-Raphael;+01:00;Europe/Paris
XSL;FR;Sarlat;+01:00;Europe/Paris
XSN;FR;Sallanches;+01:00;Europe/Paris
XSQ;FR;Selestat;+01:00;Europe/Paris
XSR;GB;Salisbury;+00:00;Europe/London
XSS;FR;Soissons;+01:00;Europe/Paris
XST;FR;Saintes;+01:00;Europe/Paris
XSU;FR;Saumur;+01:00;Europe/Paris
XSV;FR;Senlis;+01:00;Europe/Paris
XSW;FR;Sedan;+01:00;Europe/Paris
XSX;FR;Seclin;+01:00;Europe/Paris
XSY;FR;Sete;+01:00;Europe/Paris
XSZ;PT;Setubal;+00:00;Europe/Lisbon
XTB;FR;Tarbes;+01:00;Europe/Paris
XTC;FR;St-Claude;+01:00;Europe/Paris
XTE;FR;Latour-De-Carol;+01:00;Europe/Paris
XTH;FR;Thionville;+01:00;Europe/Paris
XTJ;ES;Toledo;+01:00;Europe/Madrid
XTK;GB;Thirsk;+00:00;Europe/London
XTN;FR;Tourcoing;+01:00;Europe/Paris
XTP;FI;Tampere;+02:00;Europe/Helsinki
XTS;FR;Thonon-Les-Bains;+01:00;Europe/Paris
XTT;FR;Paris Arc De Triomphe;+01:00;Europe/Paris
XTU;FR;Tulle;+01:00;Europe/Paris
XTZ;FI;Turku;+02:00;Europe/Helsinki
XUB;NO;Berkak;+01:00;Europe/Oslo
XUC;NO;Elverum;+01:00;Europe/Oslo
XUE;NO;Heimdal;+01:00;Europe/Oslo
XUF;ES;Cartagena;+01:00;Europe/Madrid
XUG;NO;Holmestrand;+01:00;Europe/Oslo
XUH;NO;Levanger;+01:00;Europe/Oslo
XUI;NO;Lysaker;+01:00;Europe/Oslo
XUJ;NO;Moelv;+01:00;Europe/Oslo
XUL;NO;Nesbyen;+01:00;Europe/Oslo
XUM;NO;Neslandsvatn;+01:00;Europe/Oslo
XUO;NO;Nordagutu;+01:00;Europe/Oslo
XUQ;NO;Ringebu;+01:00;Europe/Oslo
XUR;NO;Skoppum;+01:00;Europe/Oslo
XUS;NO;Snartemo;+01:00;Europe/Oslo
XUU;NO;Stjordal;+01:00;Europe/Oslo
XUV;NO;Storekvina;+01:00;Europe/Oslo
XUW;NO;Storen;+01:00;Europe/Oslo
XUX;NO;Ustaoset;+01:00;Europe/Oslo
XUY;FR;Auray;+01:00;Europe/Paris
XVA;GB;Stockport;+00:00;Europe/London
XVB;GB;Stafford;+00:00;Europe/London
XVC;GB;Crewe;+00:00;Europe/London
XVD;FR;Vendome;+01:00;Europe/Paris
XVE;FR;Versailles;+01:00;Europe/Paris
XVF;FR;Villefranche-Sur-Saone;+01:00;Europe/Paris
XVG;GB;Darlington;+00:00;Europe/London
XVH;GB;Peterborough;+00:00;Europe/London
XVI;FR;Vienne;+01:00;Europe/Paris
XVJ;GB;Stevenage;+00:00;Europe/London
XVK;NO;Voss;+01:00;Europe/Oslo
XVM;FI;Vuokatti;+02:00;Europe/Helsinki
XVN;FR;Verdun;+01:00;Europe/Paris
XVO;FR;Vesoul;+01:00;Europe/Paris
XVP;FR;Villepinte;+01:00;Europe/Paris
XVR;FR;Valloire;+01:00;Europe/Paris
XVS;FR;Valenciennes;+01:00;Europe/Paris
XVT;FR;Vitre;+01:00;Europe/Paris
XVW;GB;Wolverhampton;+00:00;Europe/London
XVX;DK;Vejle;+01:00;Europe/Copenhagen
XVZ;FR;Vierzon;+01:00;Europe/Paris
XWB;GB;Stirling;+00:00;Europe/London
XWD;GB;Wakefield Westgate;+00:00;Europe/London
XWE;GB;Wellingborough;+00:00;Europe/London
XWH;GB;Stoke-On-Trent;+00:00;Europe/London
XWI;GB;Wigan North Western;+00:00;Europe/London
XWM;SE;Hallsberg;+01:00;Europe/Stockholm
XWN;GB;Warrington B.Q.;+00:00;Europe/London
XWO;GB;Woking;+00:00;Europe/London
XWP;SE;Hassleholm;+01:00;Europe/Stockholm
XWQ;SE;Enkoping;+01:00;Europe/Stockholm
XWS;GB;Swindon;+00:00;Europe/London
XWV;SE;Varberg;+01:00;Europe/Stockholm
XWX;SE;Nassjo;+01:00;Europe/Stockholm
XWZ;SE;Nykoping C;+01:00;Europe/Stockholm
XXA;SE;Alvesta;+01:00;Europe/Stockholm
XXC;NO;Bo;+01:00;Europe/Oslo
XXD;SE;Degerfors;+01:00;Europe/Stockholm
XXE;NO;Vennesla;+01:00;Europe/Oslo
XXG;NO;Verdal;+01:00;Europe/Oslo
XXI;SE;Koping;+01:00;Europe/Stockholm
XXK;SE;Katrineholm C;+01:00;Europe/Stockholm
XXL;NO;Lillehammer;+01:00;Europe/Oslo
XXM;SE;Mjolby;+01:00;Europe/Stockholm
XXN;SE;Kil;+01:00;Europe/Stockholm
XXO;SE;Leksand;+01:00;Europe/Stockholm
XXP;DE;Potsdam;+01:00;Europe/Berlin
XXR;NO;Al;+01:00;Europe/Oslo
XXT;SE;Arboga;+01:00;Europe/Stockholm
XXU;SE;Hedemora;+01:00;Europe/Stockholm
XXV;SE;Kumla;+01:00;Europe/Stockholm
XXW;PL;Generic Rail Poland;+01:00;Europe/Warsaw
XYC;SE;Herrljunga;+01:00;Europe/Stockholm
XYF;SE;Falkoping C;+01:00;Europe/Stockholm
XYI;SE;Flen;+01:00;Europe/Stockholm
XYM;SE;Falkenberg;+01:00;Europe/Stockholm
XYN;SE;Kristinehamn;+01:00;Europe/Stockholm
XYO;SE;Karlshamn;+01:00;Europe/Stockholm
XYP;SE;Avesta Krylbo;+01:00;Europe/Stockholm
XYU;SE;Solvesborg;+01:00;Europe/Stockholm
XYX;SE;Sala;+01:00;Europe/Stockholm
XYY;SE;Arvika;+01:00;Europe/Stockholm
XZD;NO;Kongsvinger;+01:00;Europe/Oslo
XZE;DE;Rail (Generic);+01:00;Europe/Berlin
XZQ;SE;Rail (Generic);+01:00;Europe/Stockholm
XZY;DE;Alzey;+01:00;Europe/Berlin
YEI;TR;Bursa;+03:00;Europe/Istanbul
YEO;GB;Yeovilton;+00:00;Europe/London
YKO;TR;Hakkari;+03:00;Europe/Istanbul
YLI;FI;Ylivieska;+02:00;Europe/Helsinki
YVH;NO;Hjerkinn;+01:00;Europe/Oslo
YVK;NO;Koppang;+01:00;Europe/Oslo
YVS;NO;Ski;+01:00;Europe/Oslo
ZAD;HR;Zadar;+01:00;Europe/Zagreb
ZAF;FR;Arles;+01:00;Europe/Paris
ZAG;HR;Zagreb;+01:00;Europe/Zagreb
ZAK;IT;Chiusa/Klausen;+01:00;Europe/Rome
ZAN;GR;Agios Nikolaos;+02:00;Europe/Athens
ZAO;FR;Cahors;+01:00;Europe/Paris
ZAP;CH;Appenzell;+01:00;Europe/Zurich
ZAU;DE;Aue;+01:00;Europe/Berlin
ZAV;PT;Aveiro;+00:00;Europe/Lisbon
ZAW;DK;Nykobing Mors;+01:00;Europe/Copenhagen
ZAZ;ES;Zaragoza;+01:00;Europe/Madrid
ZBE;CZ;Zabreh;+01:00;Europe/Prague
ZBG;PL;Elblag;+01:00;Europe/Warsaw
ZBH;FR;Severac-Le-Chateau;+01:00;Europe/Paris
ZBJ;DK;Fredericia;+01:00;Europe/Copenhagen
ZBK;ME;Zabljak;+01:00;Europe/Podgorica
ZBT;DK;Kolding;+01:00;Europe/Copenhagen
ZBX;HU;Szombathely;+01:00;Europe/Budapest
ZCB;DE;Aschaffenburg Hbf;+01:00;Europe/Berlin
ZCD;DE;Bamberg;+01:00;Europe/Berlin
ZCG;DE;Bergisch Gladbach;+01:00;Europe/Berlin
ZCH;DE;Bergkamen;+01:00;Europe/Berlin
ZCI;DE;Bocholt;+01:00;Europe/Berlin
ZCN;DE;Celle;+01:00;Europe/Berlin
ZCS;DE;Darmstadt;+01:00;Europe/Berlin
ZCT;DE;Delmenhorst;+01:00;Europe/Berlin
ZCV;DE;Dinslaken;+01:00;Europe/Berlin
ZCW;DE;Dormagen;+01:00;Europe/Berlin
ZCZ;DE;Erlangen;+01:00;Europe/Berlin
ZDA;CH;Aarau;+01:00;Europe/Zurich
ZDB;CH;Adelboden;+01:00;Europe/Zurich
ZDC;CH;Aigle;+01:00;Europe/Zurich
ZDD;CH;Arbon;+01:00;Europe/Zurich
ZDE;CH;Arosa;+01:00;Europe/Zurich
ZDG;CH;Baden;+01:00;Europe/Zurich
ZDI;CH;Bellinzona;+01:00;Europe/Zurich
ZDK;CH;Biel/Bienne;+01:00;Europe/Zurich
ZDL;CH;Brig;+01:00;Europe/Zurich
ZDO;CH;Buchs Sg;+01:00;Europe/Zurich
ZDP;CH;Burgdorf;+01:00;Europe/Zurich
ZDQ;CH;Champery;+01:00;Europe/Zurich
ZDR;CH;Chateau-D'oex;+01:00;Europe/Zurich
ZDS;CH;Chiasso;+01:00;Europe/Zurich
ZDT;CH;Chur;+01:00;Europe/Zurich
ZDV;CH;Davos Dorf;+01:00;Europe/Zurich
ZDW;CH;Delemont;+01:00;Europe/Zurich
ZDX;CH;Dietikon;+01:00;Europe/Zurich
ZDZ;CH;Einsiedeln;+01:00;Europe/Zurich
ZED;DE;Euskirchen;+01:00;Europe/Berlin
ZEE;DE;Fulda;+01:00;Europe/Berlin
ZEI;DE;Garmisch-Partenkirchen;+01:00;Europe/Berlin
ZEJ;DE;Gelsenkirchen Hbf;+01:00;Europe/Berlin
ZEQ;GB;Dewsbury;+00:00;Europe/London
ZES;DE;Goeppingen;+01:00;Europe/Berlin
ZET;DE;Goslar;+01:00;Europe/Berlin
ZEU;DE;Goettingen;+01:00;Europe/Berlin
ZEW;DE;Gummersbach;+01:00;Europe/Berlin
ZEY;DE;Hagen Hbf;+01:00;Europe/Berlin
ZEZ;DE;Hameln;+01:00;Europe/Berlin
ZFH;GB;Milton Keynes;+00:00;Europe/London
ZFI;GB;Chesterfield;+00:00;Europe/London
ZFK;DK;Guderup;+01:00;Europe/Copenhagen
ZFP;HU;Veszprem;+01:00;Europe/Budapest
ZFR;DE;Frankfurt (Oder);+01:00;Europe/Berlin
ZGA;DE;Gera Hbf;+01:00;Europe/Berlin
ZGE;DE;Goerlitz;+01:00;Europe/Berlin
ZGK;BE;Leuven;+01:00;Europe/Brussels
ZGO;DE;Gotha;+01:00;Europe/Berlin
ZGP;BE;Mechelen;+01:00;Europe/Brussels
ZGQ;BE;Tournai;+01:00;Europe/Brussels
ZGT;DE;Gerstungen;+01:00;Europe/Berlin
ZGV;BE;Wavre;+01:00;Europe/Brussels
ZGW;DE;Greifswald;+01:00;Europe/Berlin
ZGX;DK;Viborg;+01:00;Europe/Copenhagen
ZGZ;DE;Fict Point/Aa2 German Rail Pass;+01:00;Europe/Berlin
ZHB;CH;Engelberg;+01:00;Europe/Zurich
ZHD;CH;Fluelen;+01:00;Europe/Zurich
ZHE;CH;Frauenfeld;+01:00;Europe/Zurich
ZHF;CH;Fribourg;+01:00;Europe/Zurich
ZHG;CH;Glarus;+01:00;Europe/Zurich
ZHH;CH;Gossau Sg;+01:00;Europe/Zurich
ZHI;CH;Grenchen Sued;+01:00;Europe/Zurich
ZHJ;CH;Grindelwald;+01:00;Europe/Zurich
ZHK;CH;Gstaad;+01:00;Europe/Zurich
ZHL;CH;Heerbrugg;+01:00;Europe/Zurich
ZHN;CH;Herzogenbuchsee;+01:00;Europe/Zurich
ZHQ;DE;Halberstadt;+01:00;Europe/Berlin
ZHR;CH;Kandersteg;+01:00;Europe/Zurich
ZHS;CH;Klosters;+01:00;Europe/Zurich
ZHU;CH;Kreuzlingen;+01:00;Europe/Zurich
ZHV;CH;La Chaux-De-Fonds;+01:00;Europe/Zurich
ZHW;CH;Langenthal;+01:00;Europe/Zurich
ZIA;RU;Zhukovsky;+03:00;Europe/Moscow
ZIB;DK;Nyborg;+01:00;Europe/Copenhagen
ZIE;IT;Vulcano Island;+01:00;Europe/Rome
ZIJ;DK;Nykoing Sjaelland;+01:00;Europe/Copenhagen
ZIL;DK;Horsens;+01:00;Europe/Copenhagen
ZIN;CH;Interlaken Ost;+01:00;Europe/Zurich
ZIO;DE;Solingen;+01:00;Europe/Berlin
ZIP;IT;Lipari Island;+01:00;Europe/Rome
ZIQ;IT;Salina Island;+01:00;Europe/Rome
ZIR;DK;Randers;+01:00;Europe/Copenhagen
ZIT;DE;Zittau;+01:00;Europe/Berlin
ZIW;DE;Kehl;+01:00;Europe/Berlin
ZJA;CH;Le Locle;+01:00;Europe/Zurich
ZJC;CH;Lenzburg;+01:00;Europe/Zurich
ZJD;CH;Lenzerheide/Lai;+01:00;Europe/Zurich
ZJE;IT;Panarea Island;+01:00;Europe/Rome
ZJI;CH;Locarno;+01:00;Europe/Zurich
ZJJ;IT;Procida;+01:00;Europe/Rome
ZJL;CH;Lyss;+01:00;Europe/Zurich
ZJM;CH;Martigny;+01:00;Europe/Zurich
ZJP;CH;Montreux;+01:00;Europe/Zurich
ZJQ;CH;Morges;+01:00;Europe/Zurich
ZJS;DE;Jena;+01:00;Europe/Berlin
ZJU;CH;Olten;+01:00;Europe/Zurich
ZJV;CH;Pontresina;+01:00;Europe/Zurich
ZJW;CH;Rapperswil;+01:00;Europe/Zurich
ZJX;IT;Stromboli Island;+01:00;Europe/Rome
ZJY;IT;Ponza;+01:00;Europe/Rome
ZJZ;CH;Rorschach;+01:00;Europe/Zurich
ZKA;CH;Sargans;+01:00;Europe/Zurich
ZKC;CH;Sarnen;+01:00;Europe/Zurich
ZKF;CH;St Margrethen;+01:00;Europe/Zurich
ZKI;CH;Saas-Fee;+01:00;Europe/Zurich
ZKJ;CH;Schaffhausen;+01:00;Europe/Zurich
ZKK;CH;Schwyz;+01:00;Europe/Zurich
ZKO;CH;Sierre/Siders;+01:00;Europe/Zurich
ZKQ;ME;Kotor;+01:00;Europe/Podgorica
ZKR;GR;Karlovasion;+02:00;Europe/Athens
ZKS;CH;Solothurn;+01:00;Europe/Zurich
ZKT;GR;Komotini;+02:00;Europe/Athens
ZKU;CH;Sursee;+01:00;Europe/Zurich
ZKV;CH;Thalwil;+01:00;Europe/Zurich
ZKW;CH;Wetzikon;+01:00;Europe/Zurich
ZKX;CH;Uzwil;+01:00;Europe/Zurich
ZKY;CH;Verbier;+01:00;Europe/Zurich
ZKZ;CH;Vevey;+01:00;Europe/Zurich
ZLA;CH;Villars-Sur-Ollon;+01:00;Europe/Zurich
ZLB;CH;Visp;+01:00;Europe/Zurich
ZLC;CH;Waedenswil;+01:00;Europe/Zurich
ZLD;CH;Weinfelden;+01:00;Europe/Zurich
ZLE;CH;Wengen;+01:00;Europe/Zurich
ZLF;CH;Wettingen;+01:00;Europe/Zurich
ZLG;HU;Zalaegerszeg Ma;+01:00;Europe/Budapest
ZLH;CH;Wil;+01:00;Europe/Zurich
ZLI;CH;Winterthur;+01:00;Europe/Zurich
ZLJ;CH;Yverdon-Les-Bains;+01:00;Europe/Zurich
ZLL;CH;Zofingen;+01:00;Europe/Zurich
ZLM;CH;Zug;+01:00;Europe/Zurich
ZLU;DE;Ludwigslust;+01:00;Europe/Berlin
ZLV;FI;Luosto;+02:00;Europe/Helsinki
ZMA;GB;Mansfield;+00:00;Europe/London
ZMC;PL;Miedzyzdroje;+01:00;Europe/Warsaw
ZMO;IT;Modena;+01:00;Europe/Rome
ZMQ;NO;Raufoss;+01:00;Europe/Oslo
ZMR;IT;Merano/Meran;+01:00;Europe/Rome
ZMW;DK;Brande;+01:00;Europe/Copenhagen
ZMX;NO;Tynset;+01:00;Europe/Oslo
ZMZ;NO;Bjerka;+01:00;Europe/Oslo
ZNB;DE;Hamm;+01:00;Europe/Berlin
ZNF;DE;Hanau;+01:00;Europe/Berlin
ZNI;DE;Heidenhiem;+01:00;Europe/Berlin
ZNJ;DE;Heilbronn;+01:00;Europe/Berlin
ZNK;DE;Herford;+01:00;Europe/Berlin
ZNO;DE;Hildesheim;+01:00;Europe/Berlin
ZNS;DE;Kempten;+01:00;Europe/Berlin
ZNV;DE;Koblenz;+01:00;Europe/Berlin
ZNW;DE;Limburg;+01:00;Europe/Berlin
ZOA;DE;Leverkusen;+01:00;Europe/Berlin
ZOB;ES;Zamora;+01:00;Europe/Madrid
ZOD;DE;Ludwigsburg;+01:00;Europe/Berlin
ZOG;DE;Lueneburg;+01:00;Europe/Berlin
ZOI;DE;Marburg A. D. Lahn;+01:00;Europe/Berlin
ZOJ;DE;Marl;+01:00;Europe/Berlin
ZOM;DE;Minden;+01:00;Europe/Berlin
ZOO;DE;Muehlheim An Der Ruhr;+01:00;Europe/Berlin
ZOT;DE;Neu-Ulm;+01:00;Europe/Berlin
ZOU;DE;Neuwied;+01:00;Europe/Berlin
ZOV;DE;Norderstedt;+01:00;Europe/Berlin
ZOW;DE;Nordhorn;+01:00;Europe/Berlin
ZOX;DE;Oberammergau;+01:00;Europe/Berlin
ZOY;DE;Oberhausen;+01:00;Europe/Berlin
ZOZ;DE;Offenbach A. Main;+01:00;Europe/Berlin
ZPA;DE;Offenburg;+01:00;Europe/Berlin
ZPD;DE;Oldenburg;+01:00;Europe/Berlin
ZPE;DE;Muenster/Osnabrueck;+01:00;Europe/Berlin
ZPF;DE;Passau;+01:00;Europe/Berlin
ZPI;DE;Pirmasens;+01:00;Europe/Berlin
ZPJ;DE;Ratingen;+01:00;Europe/Berlin
ZPL;DE;Recklinghausen;+01:00;Europe/Berlin
ZPM;DE;Regensburg;+01:00;Europe/Berlin
ZPP;DE;Reutlingen;+01:00;Europe/Berlin
ZPQ;DE;Rheine;+01:00;Europe/Berlin
ZPR;DE;Rosenheim;+01:00;Europe/Berlin
ZPV;DE;Schwaeb Gmuend;+01:00;Europe/Berlin
ZPW;DE;Schweinfurt;+01:00;Europe/Berlin
ZPY;DE;Siegburg;+01:00;Europe/Berlin
ZQA;DE;Singen;+01:00;Europe/Berlin
ZQC;DE;Speyer;+01:00;Europe/Berlin
ZQD;DE;Stade;+01:00;Europe/Berlin
ZQF;DE;Trier;+01:00;Europe/Berlin
ZQG;DE;Troisdorf;+01:00;Europe/Berlin
ZQH;DE;Tuebingen;+01:00;Europe/Berlin
ZQL;DE;Villingen-Schwenningen;+01:00;Europe/Berlin
ZQT;DE;Wolfenbuettel;+01:00;Europe/Berlin
ZQV;DE;Worms;+01:00;Europe/Berlin
ZQY;DE;Giessen;+01:00;Europe/Berlin
ZRC;ES;San Pedro De Alcantara;+01:00;Europe/Madrid
ZRE;GR;Rethymnon;+02:00;Europe/Athens
ZRH;CH;Zurich;+01:00;Europe/Zurich
ZRN;CH;Nyon;+01:00;Europe/Zurich
ZRO;IT;Reggio Nell'emilia;+01:00;Europe/Rome
ZRQ;CH;Sbb Rail Zone 1;+01:00;Europe/Zurich
ZRR;IT;Fiumicino;+01:00;Europe/Rome
ZRS;AT;Zuers/Lech;+01:00;Europe/Vienna
ZRW;DE;Rastatt;+01:00;Europe/Berlin
ZRY;DK;Herning;+01:00;Europe/Copenhagen
ZSC;DE;Schoena;+01:00;Europe/Berlin
ZSD;DE;Schwanheide;+01:00;Europe/Berlin
ZSG;DE;Sonneberg;+01:00;Europe/Berlin
ZSI;DE;Sassnitz;+01:00;Europe/Berlin
ZSK;DE;Pasewalk;+01:00;Europe/Berlin
ZSN;DE;Stendal;+01:00;Europe/Berlin
ZSO;DE;Suhl;+01:00;Europe/Berlin
ZSQ;DE;Salzwedel;+01:00;Europe/Berlin
ZSU;DE;Dessau;+01:00;Europe/Berlin
ZTH;GR;Zakinthos Island;+02:00;Europe/Athens
ZTK;CH;Thun;+01:00;Europe/Zurich
ZTQ;CH;Sbb Rail Zone 2;+01:00;Europe/Zurich
ZTR;UA;Zhytomyr;+02:00;Europe/Zaporozhye
ZTZ;DE;Chemnitz;+01:00;Europe/Berlin
ZVB;NO;Brumunddal;+01:00;Europe/Oslo
ZVD;NO;Drangedal;+01:00;Europe/Oslo
ZWD;DE;Warnemuende;+01:00;Europe/Berlin
ZWG;DE;Weingarten;+01:00;Europe/Berlin
ZWJ;NO;Haugastol;+01:00;Europe/Oslo
ZWK;PL;Suwalki;+01:00;Europe/Warsaw
ZWM;DE;Wismar;+01:00;Europe/Berlin
ZWN;DE;Wittenberge;+01:00;Europe/Berlin
ZWT;DE;Lutherstadt Wittenberg;+01:00;Europe/Berlin
ZWY;BE;Rail (Generic) - Belgium;+01:00;Europe/Brussels
ZWZ;NL;Rail (Generic);+01:00;Europe/Amsterdam
ZXB;NO;Jan Mayen;+01:00;Europe/Oslo
ZXC;NO;Bangsund;+01:00;Europe/Oslo
ZXD;NO;Vikna;+01:00;Europe/Oslo
ZXF;NO;Roervik;+01:00;Europe/Oslo
ZXG;NO;Gravvika;+01:00;Europe/Oslo
ZXH;NO;Sorfjord;+01:00;Europe/Oslo
ZXI;NO;Rodoy;+01:00;Europe/Oslo
ZXJ;NO;Fore;+01:00;Europe/Oslo
ZXK;NO;Basmoen;+01:00;Europe/Oslo
ZXL;NO;Skjerstad;+01:00;Europe/Oslo
ZXM;NO;Rognan;+01:00;Europe/Oslo
ZXN;NO;Leka;+01:00;Europe/Oslo
ZXO;NO;Fauske;+01:00;Europe/Oslo
ZXP;GB;Perth;+00:00;Europe/London
ZXQ;NO;Solstad;+01:00;Europe/Oslo
ZXR;NO;Hemnes;+01:00;Europe/Oslo
ZXU;NO;Rygge;+01:00;Europe/Oslo
