FlightId;DpAirportCode;DpScheduledDate;DpScheduledTime;DpActualDate;DpActualTime;DpTerminalName;DpTerminalGate;DpStatusCode;DPStatusDescription;ArrAirportCode;ArrScheduledDate;ArrpScheduledTime;ArrActualDate;ArrActualTime;ArrTerminalName;ArrTerminalGate;ArrStatusCode;ArrStatusDescription;AirlineID;FlightNumber;AircraftCode;StatusCode;StatusDescription
2A3531;XHJ;2023-05-29;07:39;2023-05-29;08:10;;T09;DP;Flight Departed;QKL;2023-05-29;08:16;2023-05-29;08:41;;;LD;Flight Landed;2A;3531;TRN;LD;Flight Landed
2A3533;XHJ;2023-05-29;09:39;2023-05-29;09:41;;T09;DP;Flight Departed;QKL;2023-05-29;10:15;2023-05-29;10:17;;;LD;Flight Landed;2A;3533;TRN;LD;Flight Landed
2A3535;XHJ;2023-05-29;11:39;2023-05-29;11:42;;T09;DP;Flight Departed;QKL;2023-05-29;12:15;2023-05-29;12:20;;;LD;Flight Landed;2A;3535;TRN;LD;Flight Landed
2A3537;XHJ;2023-05-29;13:39;2023-05-29;13:45;;T09;DP;Flight Departed;QKL;2023-05-29;14:15;2023-05-29;14:19;;;LD;Flight Landed;2A;3537;TRN;LD;Flight Landed
2A3539;XHJ;2023-05-29;15:39;2023-05-29;15:47;;T09;DP;Flight Departed;QKL;2023-05-29;16:15;2023-05-29;16:21;;;LD;Flight Landed;2A;3539;TRN;LD;Flight Landed
2A3541;XHJ;2023-05-29;17:39;2023-05-29;17:45;;T09;DP;Flight Departed;QKL;2023-05-29;18:15;2023-05-29;18:19;;;LD;Flight Landed;2A;3541;TRN;LD;Flight Landed
EN8057;INN;2023-05-29;06:40;2023-05-29;06:51;;;DP;Flight Departed;FRA;2023-05-29;07:45;2023-05-29;07:53;1;BSO;LD;Flight Landed;EN;8057;E95;LD;Flight Landed
OS916;INN;2023-05-29;08:25;2023-05-29;08:13;;001;DP;Flight Departed;VIE;2023-05-29;09:25;2023-05-29;09:03;3;ARS;LD;Flight Landed;OS;916;E95;LD;Flight Landed
E65640;INN;2023-05-29;13:20;2023-05-29;13:12;;;DP;Flight Departed;HER;2023-05-29;16:50;2023-05-29;16:39;;;LD;Flight Landed;E6;5640;31D;LD;Flight Landed
OS906;INN;2023-05-29;13:50;2023-05-29;13:37;;001;DP;Flight Departed;VIE;2023-05-29;14:50;2023-05-29;14:32;3;F26A;LD;Flight Landed;OS;906;E95;LD;Flight Landed
EN8053;INN;2023-05-29;14:40;2023-05-29;15:00;;;DP;Flight Departed;FRA;2023-05-29;15:45;2023-05-29;16:02;1;BSO;LD;Flight Landed;EN;8053;E95;LD;Flight Landed
EN8055;INN;2023-05-29;18:30;2023-05-29;18:50;;;DP;Flight Departed;FRA;2023-05-29;19:35;2023-05-29;20:00;1;BSO;LD;Flight Landed;EN;8055;E95;LD;Flight Landed
OS902;INN;2023-05-29;18:50;2023-05-29;18:49;;001;DP;Flight Departed;VIE;2023-05-29;19:50;2023-05-29;19:41;3;F17A;LD;Flight Landed;OS;902;E95;LD;Flight Landed
E64384;SZG;2023-05-29;06:05;2023-05-29;06:10;;;DP;Flight Departed;HER;2023-05-29;09:35;2023-05-29;09:33;;;LD;Flight Landed;E6;4384;31D;LD;Flight Landed
LH1109;SZG;2023-05-29;06:25;2023-05-29;06:51;;001;DP;Flight Departed;FRA;2023-05-29;07:30;2023-05-29;07:54;1;A30;LD;Flight Landed;LH;1109;32A;LD;Flight Landed
E64344;SZG;2023-05-29;10:20;2023-05-29;10:22;;;DP;Flight Departed;HAM;2023-05-29;11:40;2023-05-29;11:34;1;;LD;Flight Landed;E6;4344;31D;LD;Flight Landed
LH1103;SZG;2023-05-29;10:50;2023-05-29;11:03;;006;DP;Flight Departed;FRA;2023-05-29;11:55;2023-05-29;12:09;1;Area A;LD;Flight Landed;LH;1103;319;LD;Flight Landed
E64346;SZG;2023-05-29;12:25;2023-05-29;12:24;;;DP;Flight Departed;CGN;2023-05-29;13:35;2023-05-29;13:29;1;C20;LD;Flight Landed;E6;4346;320;LD;Flight Landed
E64342;SZG;2023-05-29;15:25;2023-05-29;15:24;;;DP;Flight Departed;BER;2023-05-29;16:30;2023-05-29;16:30;1;A30;LD;Flight Landed;E6;4342;31D;LD;Flight Landed
E64368;SZG;2023-05-29;16:15;2023-05-29;19:08;;;DP;Flight Departed;PMI;2023-05-29;18:20;2023-05-29;21:01;;;LD;Flight Landed;E6;4368;320;LD;Flight Landed
LH1107;SZG;2023-05-29;18:30;2023-05-29;19:08;;010;DP;Flight Departed;FRA;2023-05-29;19:35;2023-05-29;20:10;1;Area A;LD;Flight Landed;LH;1107;319;LD;Flight Landed
E64338;SZG;2023-05-29;18:55;2023-05-29;19:07;;;DP;Flight Departed;DUS;2023-05-29;20:10;2023-05-29;20:16;;A50I;LD;Flight Landed;E6;4338;31D;LD;Flight Landed
LH309;CTA;2023-05-29;10:15;2023-05-29;10:45;;008;DP;Flight Departed;FRA;2023-05-29;12:55;2023-05-29;13:19;1;A28;LD;Flight Landed;LH;309;32A;LD;Flight Landed
EW9815;CTA;2023-05-29;10:45;2023-05-29;10:40;;018;DP;Flight Departed;DUS;2023-05-29;13:35;2023-05-29;13:22;;A68I;LD;Flight Landed;EW;9815;31D;LD;Flight Landed
LH1907;CTA;2023-05-29;11:55;2023-05-29;11:55;;008;DP;Flight Departed;MUC;2023-05-29;14:05;2023-05-29;14:02;2;K04;LD;Flight Landed;LH;1907;32V;LD;Flight Landed
EW9817;CTA;2023-05-29;17:00;2023-05-29;17:15;;012;DP;Flight Departed;DUS;2023-05-29;19:50;2023-05-29;19:53;;B91;LD;Flight Landed;EW;9817;31D;LD;Flight Landed
LH307;CTA;2023-05-29;17:05;2023-05-29;17:42;;013;DP;Flight Departed;FRA;2023-05-29;19:45;2023-05-29;20:18;1;Area A;LD;Flight Landed;LH;307;321;LD;Flight Landed
LH1909;CTA;2023-05-29;18:40;2023-05-29;18:39;;004;DP;Flight Departed;MUC;2023-05-29;20:50;2023-05-29;20:43;2;G02;LD;Flight Landed;LH;1909;32N;LD;Flight Landed
OS490;CTA;2023-05-29;20:10;2023-05-29;20:09;;;DP;Flight Departed;VIE;2023-05-29;22:10;2023-05-29;22:09;3;ARS;LD;Flight Landed;OS;490;320;LD;Flight Landed
WK399;CTA;2023-05-29;20:45;2023-05-29;21:13;;;DP;Flight Departed;ZRH;2023-05-29;22:55;2023-05-29;23:19;;;LD;Flight Landed;WK;399;320;LD;Flight Landed
EW2819;CTA;2023-05-29;21:00;2023-05-29;20:47;;018;DP;Flight Departed;STR;2023-05-29;23:20;2023-05-29;22:59;1;;LD;Flight Landed;EW;2819;31D;LD;Flight Landed
CL1055;NTE;2023-05-29;12:20;2023-05-29;12:20;;034;DP;Flight Departed;FRA;2023-05-29;13:55;2023-05-29;13:56;1;Area A;LD;Flight Landed;CL;1055;E90;LD;Flight Landed
2L571;NTE;2023-05-29;15:15;2023-05-29;17:13;;;DP;Flight Departed;ZRH;2023-05-29;16:50;2023-05-29;18:47;;;LD;Flight Landed;2L;571;E90;LD;Flight Landed
OS778;SKP;2023-05-29;04:25;2023-05-29;04:25;;;DP;Flight Departed;VIE;2023-05-29;06:00;2023-05-29;05:53;3;ARN;LD;Flight Landed;OS;778;E95;LD;Flight Landed
LH1543;SKP;2023-05-29;06:55;2023-05-29;07:21;;202;DP;Flight Departed;FRA;2023-05-29;09:35;2023-05-29;09:37;1;Area A;LD;Flight Landed;LH;1543;32N;LD;Flight Landed
OS776;SKP;2023-05-29;12:40;2023-05-29;12:45;;;DP;Flight Departed;VIE;2023-05-29;14:15;2023-05-29;14:12;3;G17A;LD;Flight Landed;OS;776;E95;LD;Flight Landed
LH1541;SKP;2023-05-29;14:55;2023-05-29;15:14;;203;DP;Flight Departed;FRA;2023-05-29;17:35;2023-05-29;17:41;1;Z50A;LD;Flight Landed;LH;1541;319;LD;Flight Landed
WK331;ZTH;2023-05-29;15:30;2023-05-29;15:26;;;DP;Flight Departed;ZRH;2023-05-29;17:00;2023-05-29;16:51;;;LD;Flight Landed;WK;331;320;LD;Flight Landed
EW9009;GWT;2023-05-29;12:30;2023-05-29;12:34;1;;DP;Flight Departed;DUS;2023-05-29;13:40;2023-05-29;13:36;;B91;LD;Flight Landed;EW;9009;31D;LD;Flight Landed
CL2185;GWT;2023-05-29;20:20;2023-05-29;20:16;;002;DP;Flight Departed;MUC;2023-05-29;21:45;2023-05-29;21:36;2;T02S;LD;Flight Landed;CL;2185;CR9;LD;Flight Landed
CL1635;WRO;2023-05-29;06:10;2023-05-29;06:02;;003;DP;Flight Departed;MUC;2023-05-29;07:20;2023-05-29;07:06;2;G81;LD;Flight Landed;CL;1635;CR9;LD;Flight Landed
BT1377;WRO;2023-05-29;09:50;2023-05-29;09:54;;003;DP;Flight Departed;ZRH;2023-05-29;11:30;2023-05-29;11:30;;;LD;Flight Landed;BT;1377;223;LD;Flight Landed
EN8767;WRO;2023-05-29;10:55;2023-05-29;12:04;;003;DP;Flight Departed;FRA;2023-05-29;12:15;2023-05-29;13:27;1;BSO;LD;Flight Landed;EN;8767;E90;LD;Flight Landed
CL1631;WRO;2023-05-29;13:10;2023-05-29;13:12;;003;DP;Flight Departed;MUC;2023-05-29;14:20;2023-05-29;14:17;2;T02S;LD;Flight Landed;CL;1631;CR9;LD;Flight Landed
EW9731;WRO;2023-05-29;13:30;2023-05-29;13:32;;;DP;Flight Departed;DUS;2023-05-29;15:00;2023-05-29;14:54;;B25;LD;Flight Landed;EW;9731;31D;LD;Flight Landed
CL1355;WRO;2023-05-29;18:50;2023-05-29;19:18;;003;DP;Flight Departed;FRA;2023-05-29;20:10;2023-05-29;20:39;1;BSO;LD;Flight Landed;CL;1355;E90;LD;Flight Landed
2A3551;ZWS;2023-05-29;05:01;2023-05-29;05:01;;T10;DP;Flight Departed;FRA;2023-05-29;06:35;2023-05-29;06:38;TN;;LD;Flight Landed;2A;3551;TRN;LD;Flight Landed
2A3401;ZWS;2023-05-29;05:51;2023-05-29;05:52;;T10;DP;Flight Departed;FRA;2023-05-29;07:06;2023-05-29;07:08;TN;T04;LD;Flight Landed;2A;3401;TRN;LD;Flight Landed
2A3403;ZWS;2023-05-29;07:25;2023-05-29;07:25;;T09;DP;Flight Departed;FRA;2023-05-29;08:35;2023-05-29;08:38;TN;T04;LD;Flight Landed;2A;3403;TRN;LD;Flight Landed
2A3555;ZWS;2023-05-29;07:51;2023-05-29;07:52;;T10;DP;Flight Departed;FRA;2023-05-29;09:06;2023-05-29;09:08;TN;;LD;Flight Landed;2A;3555;TRN;LD;Flight Landed
2A3400;ZWS;2023-05-29;08:14;2023-05-29;08:17;;T15;DP;Flight Departed;QUL;2023-05-29;09:10;2023-05-29;09:16;;;LD;Flight Landed;2A;3400;TRN;LD;Flight Landed
2A3405;ZWS;2023-05-29;09:23;2023-05-29;09:23;;T05;DP;Flight Departed;FRA;2023-05-29;10:35;2023-05-29;10:37;TN;;LD;Flight Landed;2A;3405;TRN;LD;Flight Landed
2A3407;ZWS;2023-05-29;09:51;2023-05-29;10:04;;T09;DP;Flight Departed;FRA;2023-05-29;11:06;2023-05-29;11:13;TN;T04;LD;Flight Landed;2A;3407;TRN;LD;Flight Landed
2A3404;ZWS;2023-05-29;10:14;2023-05-29;10:25;;T16;DP;Flight Departed;QUL;2023-05-29;11:10;2023-05-29;11:19;;;LD;Flight Landed;2A;3404;TRN;LD;Flight Landed
2A3559;ZWS;2023-05-29;10:37;2023-05-29;10:40;;T10;DP;Flight Departed;FRA;2023-05-29;11:51;2023-05-29;12:36;TN;;LD;Flight Landed;2A;3559;TRN;LD;Flight Landed
2A3561;ZWS;2023-05-29;11:23;2023-05-29;11:23;;T10;DP;Flight Departed;FRA;2023-05-29;12:35;2023-05-29;12:44;TN;;LD;Flight Landed;2A;3561;TRN;LD;Flight Landed
2A3408;ZWS;2023-05-29;11:28;2023-05-29;11:29;;T16;DP;Flight Departed;QUL;2023-05-29;12:10;2023-05-29;12:21;;;LD;Flight Landed;2A;3408;TRN;LD;Flight Landed
2A3411;ZWS;2023-05-29;11:51;2023-05-29;11:55;;T10;DP;Flight Departed;FRA;2023-05-29;13:06;2023-05-29;13:07;TN;T04;LD;Flight Landed;2A;3411;TRN;LD;Flight Landed
2A3410;ZWS;2023-05-29;12:14;2023-05-29;12:58;;T10;DP;Flight Departed;QUL;2023-05-29;13:10;2023-05-29;13:46;;;LD;Flight Landed;2A;3410;TRN;LD;Flight Landed
2A3563;ZWS;2023-05-29;12:38;2023-05-29;12:42;;T10;DP;Flight Departed;FRA;2023-05-29;13:51;2023-05-29;13:54;TN;;LD;Flight Landed;2A;3563;TRN;LD;Flight Landed
2A3565;ZWS;2023-05-29;13:23;2023-05-29;13:25;;T05;DP;Flight Departed;FRA;2023-05-29;14:35;2023-05-29;14:37;TN;;LD;Flight Landed;2A;3565;TRN;LD;Flight Landed
2A3552;ZWS;2023-05-29;13:28;2023-05-29;14:06;;T16;DP;Flight Departed;QUL;2023-05-29;14:10;2023-05-29;14:58;;;LD;Flight Landed;2A;3552;TRN;LD;Flight Landed
2A3417;ZWS;2023-05-29;13:51;2023-05-29;14:00;;T09;DP;Flight Departed;FRA;2023-05-29;15:06;2023-05-29;15:10;TN;T04;LD;Flight Landed;2A;3417;TRN;LD;Flight Landed
2A3414;ZWS;2023-05-29;14:14;2023-05-29;14:22;;T16;DP;Flight Departed;QUL;2023-05-29;15:10;2023-05-29;15:33;;;LD;Flight Landed;2A;3414;TRN;LD;Flight Landed
2A3567;ZWS;2023-05-29;15:23;2023-05-29;15:24;;T09;DP;Flight Departed;FRA;2023-05-29;16:35;2023-05-29;16:39;TN;;LD;Flight Landed;2A;3567;TRN;LD;Flight Landed
2A3419;ZWS;2023-05-29;15:51;2023-05-29;16:03;;T10;DP;Flight Departed;FRA;2023-05-29;17:06;2023-05-29;17:14;TN;T04;LD;Flight Landed;2A;3419;TRN;LD;Flight Landed
2A3416;ZWS;2023-05-29;16:14;2023-05-29;16:24;;T15;DP;Flight Departed;QUL;2023-05-29;17:10;2023-05-29;17:31;;;LD;Flight Landed;2A;3416;TRN;LD;Flight Landed
2A3421;ZWS;2023-05-29;16:37;2023-05-29;16:48;;T10;DP;Flight Departed;FRA;2023-05-29;17:51;2023-05-29;18:08;TN;;LD;Flight Landed;2A;3421;TRN;LD;Flight Landed
2A3423;ZWS;2023-05-29;17:23;2023-05-29;17:24;;T09;DP;Flight Departed;FRA;2023-05-29;18:35;2023-05-29;18:43;TN;;LD;Flight Landed;2A;3423;TRN;LD;Flight Landed
2A3558;ZWS;2023-05-29;17:28;2023-05-29;17:31;;T16;DP;Flight Departed;QUL;2023-05-29;18:10;2023-05-29;18:19;;;LD;Flight Landed;2A;3558;TRN;LD;Flight Landed
2A3425;ZWS;2023-05-29;17:51;2023-05-29;17:56;;T10;DP;Flight Departed;FRA;2023-05-29;19:06;2023-05-29;19:09;TN;T04;LD;Flight Landed;2A;3425;TRN;LD;Flight Landed
2A3420;ZWS;2023-05-29;18:14;2023-05-29;18:15;;T16;DP;Flight Departed;QUL;2023-05-29;19:10;2023-05-29;19:12;;;LD;Flight Landed;2A;3420;TRN;LD;Flight Landed
2A3427;ZWS;2023-05-29;18:38;2023-05-29;18:47;;T10;DP;Flight Departed;FRA;2023-05-29;19:51;2023-05-29;19:55;TN;T04;LD;Flight Landed;2A;3427;TRN;LD;Flight Landed
2A3560;ZWS;2023-05-29;19:28;2023-05-29;19:41;;T15;DP;Flight Departed;QUL;2023-05-29;20:10;2023-05-29;20:23;;;LD;Flight Landed;2A;3560;TRN;LD;Flight Landed
2A3429;ZWS;2023-05-29;19:51;2023-05-29;19:53;;T09;DP;Flight Departed;FRA;2023-05-29;21:30;2023-05-29;21:46;TN;;LD;Flight Landed;2A;3429;TRN;LD;Flight Landed
2A3424;ZWS;2023-05-29;20:14;2023-05-29;20:14;;T16;DP;Flight Departed;QUL;2023-05-29;21:10;2023-05-29;21:11;;;LD;Flight Landed;2A;3424;TRN;LD;Flight Landed
2A3562;ZWS;2023-05-29;21:28;2023-05-29;21:29;;T16;DP;Flight Departed;QUL;2023-05-29;22:10;2023-05-29;22:10;;;LD;Flight Landed;2A;3562;TRN;LD;Flight Landed
2A3428;ZWS;2023-05-29;22:14;2023-05-29;22:52;;T16;DP;Flight Departed;QUL;2023-05-29;23:10;2023-05-29;23:37;;;LD;Flight Landed;2A;3428;TRN;LD;Flight Landed
LH885;TLL;2023-05-29;06:00;2023-05-29;06:05;;006;DP;Flight Departed;FRA;2023-05-29;07:30;2023-05-29;07:38;1;BSO;LD;Flight Landed;LH;885;320;LD;Flight Landed
BT1317;TLL;2023-05-29;06:45;2023-05-29;06:41;;008;DP;Flight Departed;ZRH;2023-05-29;08:35;2023-05-29;08:26;;;LD;Flight Landed;BT;1317;223;LD;Flight Landed
WX2405;TLL;2023-05-29;12:55;2023-05-29;12:58;;004;DP;Flight Departed;MUC;2023-05-29;14:20;2023-05-29;14:14;2;T02S;LD;Flight Landed;WX;2405;CRK;LD;Flight Landed
LH883;TLL;2023-05-29;18:35;2023-05-29;19:15;;006;DP;Flight Departed;FRA;2023-05-29;20:05;2023-05-29;20:33;1;BSO;LD;Flight Landed;LH;883;32M;LD;Flight Landed
OS252;LEJ;2023-05-29;08:00;2023-05-29;07:54;;025;DP;Flight Departed;VIE;2023-05-29;09:10;2023-05-29;08:57;3;ARS;LD;Flight Landed;OS;252;E95;LD;Flight Landed
LH159;LEJ;2023-05-29;08:30;2023-05-29;08:58;;024;DP;Flight Departed;FRA;2023-05-29;09:30;2023-05-29;09:55;1;Area A;LD;Flight Landed;LH;159;319;LD;Flight Landed
CL161;LEJ;2023-05-29;10:25;2023-05-29;10:28;;004;DP;Flight Departed;FRA;2023-05-29;11:25;2023-05-29;11:31;1;Area A;LD;Flight Landed;CL;161;CR9;LD;Flight Landed
E66801;LEJ;2023-05-29;11:35;2023-05-29;12:02;;024;DP;Flight Departed;PMI;2023-05-29;14:10;2023-05-29;14:14;;;LD;Flight Landed;E6;6801;32A;LD;Flight Landed
CL2167;LEJ;2023-05-29;12:30;2023-05-29;12:31;;004;DP;Flight Departed;MUC;2023-05-29;13:30;2023-05-29;13:22;2;T02S;LD;Flight Landed;CL;2167;CR9;LD;Flight Landed
CL163;LEJ;2023-05-29;15:15;2023-05-29;15:22;;024;DP;Flight Departed;FRA;2023-05-29;16:15;2023-05-29;16:24;1;Area A;LD;Flight Landed;CL;163;E90;LD;Flight Landed
CL2169;LEJ;2023-05-29;16:30;2023-05-29;16:19;;004;DP;Flight Departed;MUC;2023-05-29;17:30;2023-05-29;17:10;2;T02S;LD;Flight Landed;CL;2169;CR9;LD;Flight Landed
LH165;LEJ;2023-05-29;18:35;2023-05-29;18:53;;024;DP;Flight Departed;FRA;2023-05-29;19:35;2023-05-29;19:55;1;Area A;LD;Flight Landed;LH;165;319;LD;Flight Landed
OS254;LEJ;2023-05-29;19:55;2023-05-29;20:08;;024;DP;Flight Departed;VIE;2023-05-29;21:05;2023-05-29;21:09;3;ARS;LD;Flight Landed;OS;254;E95;LD;Flight Landed
CL1461;LJU;2023-05-29;07:10;2023-05-29;07:40;;0A1;DP;Flight Departed;FRA;2023-05-29;08:40;2023-05-29;09:00;1;Area A;LD;Flight Landed;CL;1461;CR9;LD;Flight Landed
LX2273;LJU;2023-05-29;10:55;2023-05-29;10:58;;;DP;Flight Departed;ZRH;2023-05-29;12:10;2023-05-29;12:17;;;LD;Flight Landed;LX;2273;223;LD;Flight Landed
CL1697;LJU;2023-05-29;13:10;2023-05-29;13:15;;0A1;DP;Flight Departed;MUC;2023-05-29;14:05;2023-05-29;14:10;2;G81;LD;Flight Landed;CL;1697;CR9;LD;Flight Landed
CL1463;LJU;2023-05-29;14:05;2023-05-29;14:08;;0A1;DP;Flight Departed;FRA;2023-05-29;15:30;2023-05-29;15:28;1;Area A;LD;Flight Landed;CL;1463;CR9;LD;Flight Landed
SN3344;LJU;2023-05-29;16:40;2023-05-29;16:35;;;DP;Flight Departed;BRU;2023-05-29;18:25;2023-05-29;18:10;;;LD;Flight Landed;SN;3344;319;LD;Flight Landed
LX2277;LJU;2023-05-29;19:00;2023-05-29;19:17;;;DP;Flight Departed;ZRH;2023-05-29;20:15;2023-05-29;20:29;;;LD;Flight Landed;LX;2277;223;LD;Flight Landed
E66819;SCN;2023-05-29;10:30;2023-05-29;10:33;;;DP;Flight Departed;PMI;2023-05-29;12:25;2023-05-29;12:29;;;LD;Flight Landed;E6;6819;32A;LD;Flight Landed
WK431;DBV;2023-05-29;08:30;2023-05-29;08:30;;;DP;Flight Departed;ZRH;2023-05-29;10:25;2023-05-29;10:09;;;LD;Flight Landed;WK;431;320;LD;Flight Landed
OS732;DBV;2023-05-29;13:00;2023-05-29;13:06;;;DP;Flight Departed;VIE;2023-05-29;14:20;2023-05-29;14:20;3;F08A;LD;Flight Landed;OS;732;E95;LD;Flight Landed
LH1711;DBV;2023-05-29;16:45;2023-05-29;16:53;;;DP;Flight Departed;MUC;2023-05-29;18:20;2023-05-29;18:28;2;K24;LD;Flight Landed;LH;1711;32V;LD;Flight Landed
4Y901;DBV;2023-05-29;18:55;2023-05-29;19:34;;;DP;Flight Departed;FRA;2023-05-29;20:55;2023-05-29;21:37;1;B09;LD;Flight Landed;4Y;901;32A;LD;Flight Landed
2A3433;KJR;2023-05-29;07:00;2023-05-29;07:00;;T03;DP;Flight Departed;MHJ;2023-05-29;07:24;2023-05-29;07:24;;;LD;Flight Landed;2A;3433;TRN;LD;Flight Landed
2A3430;KJR;2023-05-29;09:00;2023-05-29;09:01;;T02;DP;Flight Departed;QFB;2023-05-29;10:04;2023-05-29;10:03;;;LD;Flight Landed;2A;3430;TRN;LD;Flight Landed
2A3437;KJR;2023-05-29;09:00;2023-05-29;09:13;;T03;DP;Flight Departed;MHJ;2023-05-29;09:24;2023-05-29;09:34;;;LD;Flight Landed;2A;3437;TRN;LD;Flight Landed
2A3432;KJR;2023-05-29;11:00;2023-05-29;11:01;;T02;DP;Flight Departed;QFB;2023-05-29;12:01;2023-05-29;12:05;;;LD;Flight Landed;2A;3432;TRN;LD;Flight Landed
2A3441;KJR;2023-05-29;11:00;2023-05-29;11:03;;T03;DP;Flight Departed;MHJ;2023-05-29;11:24;2023-05-29;11:24;;;LD;Flight Landed;2A;3441;TRN;LD;Flight Landed
2A3434;KJR;2023-05-29;13:00;2023-05-29;13:03;;T02;DP;Flight Departed;QFB;2023-05-29;14:01;2023-05-29;14:05;;;LD;Flight Landed;2A;3434;TRN;LD;Flight Landed
2A3445;KJR;2023-05-29;13:00;2023-05-29;13:01;;T03;DP;Flight Departed;MHJ;2023-05-29;13:24;2023-05-29;13:24;;;LD;Flight Landed;2A;3445;TRN;LD;Flight Landed
2A3442;KJR;2023-05-29;15:00;2023-05-29;15:02;;T02;DP;Flight Departed;QFB;2023-05-29;16:01;2023-05-29;16:01;;;LD;Flight Landed;2A;3442;TRN;LD;Flight Landed
2A3449;KJR;2023-05-29;15:00;2023-05-29;15:01;;T03;DP;Flight Departed;MHJ;2023-05-29;15:24;2023-05-29;15:24;;;LD;Flight Landed;2A;3449;TRN;LD;Flight Landed
2A3453;KJR;2023-05-29;17:00;2023-05-29;17:09;;;DP;Flight Departed;MHJ;2023-05-29;17:24;2023-05-29;17:31;;;LD;Flight Landed;2A;3453;TRN;LD;Flight Landed
2A3450;KJR;2023-05-29;19:00;2023-05-29;19:03;;T02;DP;Flight Departed;QFB;2023-05-29;20:01;2023-05-29;20:04;;;LD;Flight Landed;2A;3450;TRN;LD;Flight Landed
2A3457;KJR;2023-05-29;19:00;2023-05-29;19:01;;T03;DP;Flight Departed;MHJ;2023-05-29;19:24;2023-05-29;19:24;;;LD;Flight Landed;2A;3457;TRN;LD;Flight Landed
2A3454;KJR;2023-05-29;21:03;2023-05-29;21:04;;T02;DP;Flight Departed;QFB;2023-05-29;22:07;2023-05-29;22:06;;;LD;Flight Landed;2A;3454;TRN;LD;Flight Landed
2A3458;KJR;2023-05-29;23:13;2023-05-29;23:58;;T01;DP;Flight Departed;QFB;2023-05-30;00:16;2023-05-30;01:07;;;LD;Flight Landed;2A;3458;TRN;LD;Flight Landed
WX1617;WAW;2023-05-29;06:00;2023-05-29;06:17;;031;DP;Flight Departed;MUC;2023-05-29;07:30;2023-05-29;07:45;2;T02S;LD;Flight Landed;WX;1617;CRK;LD;Flight Landed
OS628;WAW;2023-05-29;06:50;2023-05-29;06:48;;037;DP;Flight Departed;VIE;2023-05-29;08:05;2023-05-29;07:58;3;;LD;Flight Landed;OS;628;E95;LD;Flight Landed
OS626;WAW;2023-05-29;08:25;2023-05-29;08:23;;037;DP;Flight Departed;VIE;2023-05-29;09:40;2023-05-29;09:37;3;F22A;LD;Flight Landed;OS;626;E95;LD;Flight Landed
CL1611;WAW;2023-05-29;09:10;2023-05-29;09:08;;029;DP;Flight Departed;MUC;2023-05-29;10:40;2023-05-29;10:32;2;T02S;LD;Flight Landed;CL;1611;CR9;LD;Flight Landed
LX1343;WAW;2023-05-29;09:35;2023-05-29;09:56;;039;DP;Flight Departed;ZRH;2023-05-29;11:35;2023-05-29;11:34;;;LD;Flight Landed;LX;1343;32N;LD;Flight Landed
LH1347;WAW;2023-05-29;09:50;2023-05-29;09:49;;025;DP;Flight Departed;FRA;2023-05-29;11:35;2023-05-29;11:26;1;BSO;LD;Flight Landed;LH;1347;320;LD;Flight Landed
WX1613;WAW;2023-05-29;13:10;2023-05-29;14:28;;036;DP;Flight Departed;MUC;2023-05-29;14:40;2023-05-29;15:50;2;T02S;LD;Flight Landed;WX;1613;CRK;LD;Flight Landed
LH1349;WAW;2023-05-29;14:25;2023-05-29;14:42;;039;DP;Flight Departed;FRA;2023-05-29;16:10;2023-05-29;16:21;1;BSO;LD;Flight Landed;LH;1349;321;LD;Flight Landed
BT1349;WAW;2023-05-29;14:35;2023-05-29;15:30;;044;DP;Flight Departed;ZRH;2023-05-29;16:35;2023-05-29;17:19;;;LD;Flight Landed;BT;1349;223;LD;Flight Landed
OS624;WAW;2023-05-29;15:05;2023-05-29;15:01;;037;DP;Flight Departed;VIE;2023-05-29;16:20;2023-05-29;16:10;3;ARS;LD;Flight Landed;OS;624;E95;LD;Flight Landed
LH1351;WAW;2023-05-29;19:00;2023-05-29;19:45;;025;DP;Flight Departed;FRA;2023-05-29;20:45;2023-05-29;21:21;1;BSO;LD;Flight Landed;LH;1351;320;LD;Flight Landed
OS632;WAW;2023-05-29;19:40;2023-05-29;19:32;;044;DP;Flight Departed;VIE;2023-05-29;20:55;2023-05-29;20:43;3;F32A;LD;Flight Landed;OS;632;E95;LD;Flight Landed
2L1353;WAW;2023-05-29;19:50;2023-05-29;20:15;;041;DP;Flight Departed;ZRH;2023-05-29;21:50;2023-05-29;22:00;;;LD;Flight Landed;2L;1353;E90;LD;Flight Landed
EW2851;BRI;2023-05-29;13:00;2023-05-29;13:07;;A09;DP;Flight Departed;STR;2023-05-29;14:55;2023-05-29;14:57;1;;LD;Flight Landed;EW;2851;32A;LD;Flight Landed
EN8219;BRI;2023-05-29;13:05;2023-05-29;13:22;;;DP;Flight Departed;MUC;2023-05-29;14:45;2023-05-29;14:59;2;T02S;LD;Flight Landed;EN;8219;E95;LD;Flight Landed
EN8221;BRI;2023-05-29;18:10;2023-05-29;18:26;;;DP;Flight Departed;MUC;2023-05-29;19:50;2023-05-29;20:08;2;K14;LD;Flight Landed;EN;8221;E95;LD;Flight Landed
LH2433;GOT;2023-05-29;06:00;2023-05-29;05:47;;;DP;Flight Departed;MUC;2023-05-29;07:50;2023-05-29;07:35;2;K03;LD;Flight Landed;LH;2433;32A;LD;Flight Landed
LH821;GOT;2023-05-29;06:10;2023-05-29;06:30;;;DP;Flight Departed;FRA;2023-05-29;07:55;2023-05-29;08:09;1;Area A;LD;Flight Landed;LH;821;32A;LD;Flight Landed
BT1229;GOT;2023-05-29;06:45;2023-05-29;06:45;;;DP;Flight Departed;ZRH;2023-05-29;08:45;2023-05-29;08:45;;;LD;Flight Landed;BT;1229;223;LD;Flight Landed
SN2324;GOT;2023-05-29;07:00;2023-05-29;07:01;;;DP;Flight Departed;BRU;2023-05-29;08:40;2023-05-29;08:36;;;LD;Flight Landed;SN;2324;319;LD;Flight Landed
EW7221;GOT;2023-05-29;08:15;2023-05-29;08:11;;;DP;Flight Departed;HAM;2023-05-29;09:20;2023-05-29;09:13;1;;LD;Flight Landed;EW;7221;32N;LD;Flight Landed
LH811;GOT;2023-05-29;11:40;2023-05-29;11:57;;;DP;Flight Departed;FRA;2023-05-29;13:25;2023-05-29;13:34;1;Area A;LD;Flight Landed;LH;811;320;LD;Flight Landed
LH2429;GOT;2023-05-29;12:00;2023-05-29;12:08;;;DP;Flight Departed;MUC;2023-05-29;13:50;2023-05-29;13:37;2;G14;LD;Flight Landed;LH;2429;32A;LD;Flight Landed
X88221;GOT;2023-05-29;12:10;2023-05-29;12:14;;;DP;Flight Departed;BER;2023-05-29;13:25;2023-05-29;13:17;1;A38;LD;Flight Landed;X8;8221;320;LD;Flight Landed
BT1223;GOT;2023-05-29;14:50;2023-05-29;15:30;;;DP;Flight Departed;ZRH;2023-05-29;16:50;2023-05-29;17:22;;;LD;Flight Landed;BT;1223;223;LD;Flight Landed
LH817;GOT;2023-05-29;14:55;2023-05-29;15:11;;;DP;Flight Departed;FRA;2023-05-29;16:40;2023-05-29;16:44;1;A24;LD;Flight Landed;LH;817;319;LD;Flight Landed
SN2318;GOT;2023-05-29;18:20;2023-05-29;18:29;;;DP;Flight Departed;BRU;2023-05-29;20:00;2023-05-29;19:59;;;LD;Flight Landed;SN;2318;319;LD;Flight Landed
LH819;GOT;2023-05-29;19:10;2023-05-29;19:42;;;DP;Flight Departed;FRA;2023-05-29;20:55;2023-05-29;21:10;1;A24;LD;Flight Landed;LH;819;320;LD;Flight Landed
BT9225;GOT;2023-05-29;19:55;2023-05-29;20:02;;;DP;Flight Departed;DUS;2023-05-29;21:30;2023-05-29;21:25;;B93;LD;Flight Landed;BT;9225;223;LD;Flight Landed
EW4075;SKG;2023-05-29;10:10;2023-05-29;10:15;;;DP;Flight Departed;DTM;2023-05-29;11:55;2023-05-29;11:51;;;LD;Flight Landed;EW;4075;320;LD;Flight Landed
QS653;SKG;2023-05-29;11:30;2023-05-29;12:52;;;DP;Flight Departed;CGN;2023-05-29;13:15;2023-05-29;14:22;1;B20;LD;Flight Landed;QS;653;73H;LD;Flight Landed
OS810;SKG;2023-05-29;13:55;2023-05-29;13:57;;009;DP;Flight Departed;VIE;2023-05-29;14:40;2023-05-29;14:42;3;F22A;LD;Flight Landed;OS;810;320;LD;Flight Landed
EW2683;SKG;2023-05-29;14:30;2023-05-29;14:59;;;DP;Flight Departed;STR;2023-05-29;16:00;2023-05-29;16:18;1;;LD;Flight Landed;EW;2683;31D;LD;Flight Landed
LH1775;SKG;2023-05-29;18:20;2023-05-29;19:03;;006;DP;Flight Departed;MUC;2023-05-29;19:30;2023-05-29;20:08;2;K23;LD;Flight Landed;LH;1775;32A;LD;Flight Landed
LH1557;SKG;2023-05-29;18:30;2023-05-29;19:25;;008;DP;Flight Departed;FRA;2023-05-29;20:10;2023-05-29;20:51;1;A19;LD;Flight Landed;LH;1557;32Q;LD;Flight Landed
X89655;SKG;2023-05-29;19:55;2023-05-29;20:37;;;DP;Flight Departed;DUS;2023-05-29;21:45;2023-05-29;22:22;;B38;LD;Flight Landed;X8;9655;320;LD;Flight Landed
LX1853;SKG;2023-05-29;21:25;2023-05-29;21:56;;;DP;Flight Departed;ZRH;2023-05-29;22:50;2023-05-29;23:16;;;LD;Flight Landed;LX;1853;32B;LD;Flight Landed
EW635;RHO;2023-05-29;09:40;2023-05-29;09:54;1;;DP;Flight Departed;CGN;2023-05-29;12:15;2023-05-29;12:24;1;B88;LD;Flight Landed;EW;635;32A;LD;Flight Landed
X89631;RHO;2023-05-29;19:30;2023-05-29;19:52;1;;DP;Flight Departed;DUS;2023-05-29;22:10;2023-05-29;22:28;;B25;LD;Flight Landed;X8;9631;320;LD;Flight Landed
EW4077;RHO;2023-05-29;19:40;2023-05-29;20:01;1;;DP;Flight Departed;DTM;2023-05-29;22:15;2023-05-29;22:21;;;LD;Flight Landed;EW;4077;320;LD;Flight Landed
WK347;RHO;2023-05-29;19:40;2023-05-29;20:17;;;DP;Flight Departed;ZRH;2023-05-29;21:50;2023-05-29;22:22;;;LD;Flight Landed;WK;347;320;LD;Flight Landed
LH1823;SVQ;2023-05-29;13:30;2023-05-29;13:28;;B11;DP;Flight Departed;MUC;2023-05-29;16:20;2023-05-29;16:10;2;G26;LD;Flight Landed;LH;1823;32V;LD;Flight Landed
EW4081;KVA;2023-05-29;11:20;2023-05-29;11:20;;;DP;Flight Departed;DTM;2023-05-29;13:05;2023-05-29;13:05;;;LD;Flight Landed;EW;4081;320;LD;Flight Landed
EW9685;KVA;2023-05-29;19:55;2023-05-29;20:21;;;DP;Flight Departed;DUS;2023-05-29;21:50;2023-05-29;22:02;;B91;LD;Flight Landed;EW;9685;31D;LD;Flight Landed
2A3605;DTZ;2023-05-29;06:36;2023-05-29;06:36;;T20;DP;Flight Departed;QDU;2023-05-29;07:22;2023-05-29;07:34;;;LD;Flight Landed;2A;3605;TRN;LD;Flight Landed
2A3609;DTZ;2023-05-29;08:36;2023-05-29;08:36;;T20;DP;Flight Departed;QKL;2023-05-29;09:49;2023-05-29;09:46;;;LD;Flight Landed;2A;3609;TRN;LD;Flight Landed
2A3611;DTZ;2023-05-29;10:36;2023-05-29;10:40;;T20;DP;Flight Departed;QKL;2023-05-29;11:46;2023-05-29;11:48;;;LD;Flight Landed;2A;3611;TRN;LD;Flight Landed
2A3615;DTZ;2023-05-29;11:36;2023-05-29;11:36;;T16;DP;Flight Departed;QDU;2023-05-29;12:21;2023-05-29;12:31;;;LD;Flight Landed;2A;3615;TRN;LD;Flight Landed
2A3617;DTZ;2023-05-29;12:36;2023-05-29;12:40;;T20;DP;Flight Departed;QDU;2023-05-29;13:22;2023-05-29;13:29;;;LD;Flight Landed;2A;3617;TRN;LD;Flight Landed
2A3621;DTZ;2023-05-29;14:36;2023-05-29;14:39;;T20;DP;Flight Departed;QKL;2023-05-29;15:46;2023-05-29;15:51;;;LD;Flight Landed;2A;3621;TRN;LD;Flight Landed
2A3623;DTZ;2023-05-29;15:36;2023-05-29;15:36;;T16;DP;Flight Departed;QDU;2023-05-29;16:21;2023-05-29;16:21;;;LD;Flight Landed;2A;3623;TRN;LD;Flight Landed
2A3625;DTZ;2023-05-29;16:36;2023-05-29;16:43;;T20;DP;Flight Departed;QKL;2023-05-29;17:46;2023-05-29;17:57;;;LD;Flight Landed;2A;3625;TRN;LD;Flight Landed
2A3629;DTZ;2023-05-29;18:36;2023-05-29;18:52;;T20;DP;Flight Departed;QKL;2023-05-29;19:47;2023-05-29;20:06;;;LD;Flight Landed;2A;3629;TRN;LD;Flight Landed
2A3501;QDU;2023-05-29;06:17;2023-05-29;06:17;;T16;DP;Flight Departed;FRA;2023-05-29;07:33;2023-05-29;07:30;TN;T04;LD;Flight Landed;2A;3501;TRN;LD;Flight Landed
2A3503;QDU;2023-05-29;07:18;2023-05-29;07:40;;T15;DP;Flight Departed;FRA;2023-05-29;08:33;2023-05-29;08:46;TN;T04;LD;Flight Landed;2A;3503;TRN;LD;Flight Landed
2A3605;QDU;2023-05-29;07:24;2023-05-29;07:36;;T16;DP;Flight Departed;QKL;2023-05-29;07:49;2023-05-29;08:00;;;LD;Flight Landed;2A;3605;TRN;LD;Flight Landed
2A3505;QDU;2023-05-29;08:18;2023-05-29;08:18;;T16;DP;Flight Departed;FRA;2023-05-29;09:33;2023-05-29;09:33;TN;T04;LD;Flight Landed;2A;3505;TRN;LD;Flight Landed
2A3600;QDU;2023-05-29;08:34;2023-05-29;08:35;;T17;DP;Flight Departed;DTZ;2023-05-29;09:21;2023-05-29;09:19;;;LD;Flight Landed;2A;3600;TRN;LD;Flight Landed
2A3507;QDU;2023-05-29;09:10;2023-05-29;09:45;;T15;DP;Flight Departed;FRA;2023-05-29;10:33;2023-05-29;10:57;TN;T04;LD;Flight Landed;2A;3507;TRN;LD;Flight Landed
2A3509;QDU;2023-05-29;10:10;2023-05-29;10:10;;T16;DP;Flight Departed;FRA;2023-05-29;11:33;2023-05-29;11:32;TN;;LD;Flight Landed;2A;3509;TRN;LD;Flight Landed
2A3511;QDU;2023-05-29;11:18;2023-05-29;11:34;;T16;DP;Flight Departed;FRA;2023-05-29;12:33;2023-05-29;12:58;TN;T04;LD;Flight Landed;2A;3511;TRN;LD;Flight Landed
2A3608;QDU;2023-05-29;11:34;2023-05-29;11:34;;T17;DP;Flight Departed;DTZ;2023-05-29;12:21;2023-05-29;12:20;;;LD;Flight Landed;2A;3608;TRN;LD;Flight Landed
2A3513;QDU;2023-05-29;12:17;2023-05-29;12:20;;T15;DP;Flight Departed;FRA;2023-05-29;13:33;2023-05-29;13:33;TN;;LD;Flight Landed;2A;3513;TRN;LD;Flight Landed
2A3615;QDU;2023-05-29;12:23;2023-05-29;12:33;;T16;DP;Flight Departed;QKL;2023-05-29;12:49;2023-05-29;12:58;;;LD;Flight Landed;2A;3615;TRN;LD;Flight Landed
2A3515;QDU;2023-05-29;13:18;2023-05-29;13:18;;T15;DP;Flight Departed;FRA;2023-05-29;14:33;2023-05-29;14:32;TN;T04;LD;Flight Landed;2A;3515;TRN;LD;Flight Landed
2A3617;QDU;2023-05-29;13:24;2023-05-29;13:33;;T16;DP;Flight Departed;QKL;2023-05-29;13:49;2023-05-29;14:01;;;LD;Flight Landed;2A;3617;TRN;LD;Flight Landed
2A3612;QDU;2023-05-29;13:34;2023-05-29;14:30;;T17;DP;Flight Departed;DTZ;2023-05-29;14:21;2023-05-29;15:16;;;LD;Flight Landed;2A;3612;TRN;LD;Flight Landed
2A3517;QDU;2023-05-29;14:18;2023-05-29;14:22;;T16;DP;Flight Departed;FRA;2023-05-29;15:33;2023-05-29;15:30;TN;T04;LD;Flight Landed;2A;3517;TRN;LD;Flight Landed
2A3619;QDU;2023-05-29;14:23;2023-05-29;14:27;;T15;DP;Flight Departed;QKL;2023-05-29;14:49;2023-05-29;14:52;;;LD;Flight Landed;2A;3619;TRN;LD;Flight Landed
2A3519;QDU;2023-05-29;15:18;2023-05-29;15:18;;T16;DP;Flight Departed;FRA;2023-05-29;16:33;2023-05-29;16:36;TN;;LD;Flight Landed;2A;3519;TRN;LD;Flight Landed
2A3616;QDU;2023-05-29;15:34;2023-05-29;15:36;;T17;DP;Flight Departed;DTZ;2023-05-29;16:21;2023-05-29;16:26;;;LD;Flight Landed;2A;3616;TRN;LD;Flight Landed
2A3521;QDU;2023-05-29;16:18;;;;T15;NO;No Status;FRA;2023-05-29;17:33;;;TN;;NO;No Status;2A;3521;TRN;CD;Flight Cancelled
2A3623;QDU;2023-05-29;16:23;2023-05-29;16:24;;T16;DP;Flight Departed;QKL;2023-05-29;16:49;2023-05-29;16:53;;;LD;Flight Landed;2A;3623;TRN;LD;Flight Landed
2A3618;QDU;2023-05-29;16:34;2023-05-29;16:36;;;DP;Flight Departed;DTZ;2023-05-29;17:21;2023-05-29;17:20;;;LD;Flight Landed;2A;3618;TRN;LD;Flight Landed
2A3523;QDU;2023-05-29;17:18;2023-05-29;17:20;;T15;DP;Flight Departed;FRA;2023-05-29;18:33;2023-05-29;18:34;TN;;LD;Flight Landed;2A;3523;TRN;LD;Flight Landed
2A3525;QDU;2023-05-29;18:18;2023-05-29;18:27;;T16;DP;Flight Departed;FRA;2023-05-29;19:33;2023-05-29;19:40;TN;T04;LD;Flight Landed;2A;3525;TRN;LD;Flight Landed
2A3527;QDU;2023-05-29;19:05;2023-05-29;19:12;;T16;DP;Flight Departed;FRA;2023-05-29;20:34;2023-05-29;20:36;TN;T04;LD;Flight Landed;2A;3527;TRN;LD;Flight Landed
CL1897;AOI;2023-05-29;13:50;2023-05-29;14:02;;003;DP;Flight Departed;MUC;2023-05-29;15:05;2023-05-29;15:14;2;T02S;LD;Flight Landed;CL;1897;CR9;LD;Flight Landed
LH1277;MLA;2023-05-29;12:35;2023-05-29;12:42;;005;DP;Flight Departed;FRA;2023-05-29;15:15;2023-05-29;15:22;1;A36;LD;Flight Landed;LH;1277;32M;LD;Flight Landed
LH1925;MLA;2023-05-29;12:40;2023-05-29;12:48;;003;DP;Flight Departed;MUC;2023-05-29;15:05;2023-05-29;15:10;2;G48;LD;Flight Landed;LH;1925;32A;LD;Flight Landed
LH1311;MLA;2023-05-29;17:05;2023-05-29;17:25;;005;DP;Flight Departed;FRA;2023-05-29;19:45;2023-05-29;20:09;1;A14;LD;Flight Landed;LH;1311;321;LD;Flight Landed
LH2447;CPH;2023-05-29;06:10;2023-05-29;06:03;2;A17;DP;Flight Departed;MUC;2023-05-29;07:45;2023-05-29;07:36;2;G14;LD;Flight Landed;LH;2447;32A;LD;Flight Landed
LH833;CPH;2023-05-29;06:35;2023-05-29;07:10;2;A15;DP;Flight Departed;FRA;2023-05-29;08:05;2023-05-29;08:42;1;Area A;LD;Flight Landed;LH;833;320;LD;Flight Landed
SN2268;CPH;2023-05-29;06:55;2023-05-29;07:04;2;;DP;Flight Departed;BRU;2023-05-29;08:30;2023-05-29;08:18;;;LD;Flight Landed;SN;2268;319;LD;Flight Landed
OS308;CPH;2023-05-29;07:10;2023-05-29;07:15;2;;DP;Flight Departed;VIE;2023-05-29;08:45;2023-05-29;08:45;3;F12A;LD;Flight Landed;OS;308;321;LD;Flight Landed
EW8227;CPH;2023-05-29;08:20;2023-05-29;08:34;2;;DP;Flight Departed;BER;2023-05-29;09:20;2023-05-29;09:25;1;A32;LD;Flight Landed;EW;8227;320;LD;Flight Landed
E64211;CPH;2023-05-29;08:30;2023-05-29;08:33;2;;DP;Flight Departed;PRG;2023-05-29;09:50;2023-05-29;09:50;2;;LD;Flight Landed;E6;4211;32A;LD;Flight Landed
LH2439;CPH;2023-05-29;08:50;2023-05-29;08:46;2;A14;DP;Flight Departed;MUC;2023-05-29;10:25;2023-05-29;10:23;2;K08;LD;Flight Landed;LH;2439;32N;LD;Flight Landed
X89243;CPH;2023-05-29;09:35;2023-05-29;09:35;2;;DP;Flight Departed;DUS;2023-05-29;10:55;2023-05-29;10:58;;A42;LD;Flight Landed;X8;9243;320;LD;Flight Landed
LH825;CPH;2023-05-29;09:35;2023-05-29;09:33;2;A17;DP;Flight Departed;FRA;2023-05-29;11:05;2023-05-29;10:59;1;A28;LD;Flight Landed;LH;825;321;LD;Flight Landed
2L1267;CPH;2023-05-29;09:35;2023-05-29;09:53;2;;DP;Flight Departed;ZRH;2023-05-29;11:25;2023-05-29;11:31;;;LD;Flight Landed;2L;1267;E90;LD;Flight Landed
OS302;CPH;2023-05-29;09:50;2023-05-29;09:49;2;;DP;Flight Departed;VIE;2023-05-29;11:30;2023-05-29;11:19;3;F11A;LD;Flight Landed;OS;302;320;LD;Flight Landed
SN2258;CPH;2023-05-29;11:55;2023-05-29;12:06;2;;DP;Flight Departed;BRU;2023-05-29;13:25;2023-05-29;13:35;;;LD;Flight Landed;SN;2258;319;LD;Flight Landed
LH2441;CPH;2023-05-29;12:50;2023-05-29;14:55;2;A17;DP;Flight Departed;MUC;2023-05-29;14:25;2023-05-29;16:19;2;G48;LD;Flight Landed;LH;2441;32M;LD;Flight Landed
LH829;CPH;2023-05-29;14:50;2023-05-29;15:59;2;A08;DP;Flight Departed;FRA;2023-05-29;16:20;2023-05-29;17:33;1;A15;LD;Flight Landed;LH;829;32A;LD;Flight Landed
BT1271;CPH;2023-05-29;14:50;2023-05-29;15:02;2;;DP;Flight Departed;ZRH;2023-05-29;16:35;2023-05-29;16:45;;;LD;Flight Landed;BT;1271;223;LD;Flight Landed
OS304;CPH;2023-05-29;17:40;2023-05-29;18:47;2;;DP;Flight Departed;VIE;2023-05-29;19:20;2023-05-29;20:23;3;F26A;LD;Flight Landed;OS;304;320;LD;Flight Landed
SN2260;CPH;2023-05-29;18:10;2023-05-29;19:09;2;;DP;Flight Departed;BRU;2023-05-29;19:40;2023-05-29;20:21;;;LD;Flight Landed;SN;2260;320;LD;Flight Landed
LH831;CPH;2023-05-29;19:10;2023-05-29;20:17;2;A12;DP;Flight Departed;FRA;2023-05-29;20:40;2023-05-29;21:50;1;A15;LD;Flight Landed;LH;831;320;LD;Flight Landed
LX1277;CPH;2023-05-29;19:20;2023-05-29;20:40;2;;DP;Flight Departed;ZRH;2023-05-29;21:05;2023-05-29;22:23;;;LD;Flight Landed;LX;1277;320;LD;Flight Landed
LH2443;CPH;2023-05-29;19:30;2023-05-29;19:50;2;A17;DP;Flight Departed;MUC;2023-05-29;21:05;2023-05-29;21:17;2;G48;LD;Flight Landed;LH;2443;32A;LD;Flight Landed
LX1273;CPH;2023-05-29;20:00;2023-05-29;20:47;2;;DP;Flight Departed;ZRH;2023-05-29;21:45;2023-05-29;22:33;;;LD;Flight Landed;LX;1273;320;LD;Flight Landed
OS306;CPH;2023-05-29;20:00;2023-05-29;20:15;2;;DP;Flight Departed;VIE;2023-05-29;21:40;2023-05-29;21:44;3;F37A;LD;Flight Landed;OS;306;321;LD;Flight Landed
X89247;CPH;2023-05-29;20:10;2023-05-29;20:22;2;;DP;Flight Departed;DUS;2023-05-29;21:30;2023-05-29;21:45;;B91;LD;Flight Landed;X8;9247;320;LD;Flight Landed
E64213;CPH;2023-05-29;20:55;2023-05-29;21:04;2;;DP;Flight Departed;PRG;2023-05-29;22:15;2023-05-29;22:23;2;;LD;Flight Landed;E6;4213;31D;LD;Flight Landed
WX2445;CPH;2023-05-29;21:10;2023-05-29;21:50;2;A06;DP;Flight Departed;MUC;2023-05-29;22:45;2023-05-29;23:20;2;T02S;LD;Flight Landed;WX;2445;CRK;LD;Flight Landed
WX2264;CPH;2023-05-29;21:40;2023-05-29;21:40;2;;OT;Flight On Time;BRU;2023-05-29;23:10;2023-05-29;23:31;;;LD;Flight Landed;WX;2264;CR9;OT;Flight On Time
WK357;KGS;2023-05-29;10:45;2023-05-29;10:48;;;DP;Flight Departed;ZRH;2023-05-29;12:45;2023-05-29;12:42;;;LD;Flight Landed;WK;357;32A;LD;Flight Landed
E64505;KGS;2023-05-29;15:40;2023-05-29;15:28;;;DP;Flight Departed;GRZ;2023-05-29;17:00;2023-05-29;16:38;;;LD;Flight Landed;E6;4505;31D;LD;Flight Landed
EW9637;KGS;2023-05-29;18:40;2023-05-29;18:37;;;DP;Flight Departed;DUS;2023-05-29;21:05;2023-05-29;20:47;;A25;LD;Flight Landed;EW;9637;32N;LD;Flight Landed
X97317;KGS;2023-05-29;19:45;2023-05-29;21:19;;;DP;Flight Departed;HAM;2023-05-29;22:15;2023-05-29;23:39;1;;LD;Flight Landed;X9;7317;320;LD;Flight Landed
OS9102;KGS;2023-05-29;20:40;2023-05-29;21:11;;;DP;Flight Departed;VIE;2023-05-29;22:10;2023-05-29;22:21;3;ARS;LD;Flight Landed;OS;9102;320;LD;Flight Landed
X3659;KGS;2023-05-29;21:45;2023-05-29;21:55;;;DP;Flight Departed;CGN;2023-05-30;00:15;2023-05-30;00:07;1;;LD;Flight Landed;X3;659;73H;LD;Flight Landed
LH891;RIX;2023-05-29;13:55;2023-05-29;14:10;;B07;DP;Flight Departed;FRA;2023-05-29;15:15;2023-05-29;15:21;1;A14;LD;Flight Landed;LH;891;321;LD;Flight Landed
CL1667;SBZ;2023-05-29;06:15;2023-05-29;06:10;;001;DP;Flight Departed;MUC;2023-05-29;07:00;2023-05-29;06:48;2;T02N;LD;Flight Landed;CL;1667;CR9;LD;Flight Landed
CL1665;SBZ;2023-05-29;14:10;2023-05-29;14:14;;001;DP;Flight Departed;MUC;2023-05-29;14:55;2023-05-29;14:48;2;T02N;LD;Flight Landed;CL;1665;CR9;LD;Flight Landed
OS648;SBZ;2023-05-29;16:00;2023-05-29;16:04;;001;DP;Flight Departed;VIE;2023-05-29;16:15;2023-05-29;16:12;3;ARN;LD;Flight Landed;OS;648;E95;LD;Flight Landed
OS754;ZAD;2023-05-29;13:40;2023-05-29;13:34;;;DP;Flight Departed;VIE;2023-05-29;14:40;2023-05-29;14:29;3;F12A;LD;Flight Landed;OS;754;320;LD;Flight Landed
LH1477;ZAD;2023-05-29;19:05;2023-05-29;19:31;;;DP;Flight Departed;FRA;2023-05-29;20:45;2023-05-29;21:03;1;A20;LD;Flight Landed;LH;1477;32N;LD;Flight Landed
LX461;LCY;2023-05-29;09:40;2023-05-29;09:45;;;DP;Flight Departed;ZRH;2023-05-29;12:10;2023-05-29;12:23;;;LD;Flight Landed;LX;461;221;LD;Flight Landed
LX443;LCY;2023-05-29;11:15;2023-05-29;11:40;;;DP;Flight Departed;GVA;2023-05-29;13:50;2023-05-29;14:08;1;;LD;Flight Landed;LX;443;221;LD;Flight Landed
2L457;LCY;2023-05-29;13:05;2023-05-29;13:05;;;DP;Flight Departed;ZRH;2023-05-29;15:40;2023-05-29;15:31;;;LD;Flight Landed;2L;457;290;LD;Flight Landed
CL935;LCY;2023-05-29;17:00;2023-05-29;17:12;;007;DP;Flight Departed;FRA;2023-05-29;19:20;2023-05-29;19:29;1;Area A;LD;Flight Landed;CL;935;E90;LD;Flight Landed
LX465;LCY;2023-05-29;17:40;2023-05-29;17:43;;;DP;Flight Departed;ZRH;2023-05-29;20:15;2023-05-29;20:25;;;LD;Flight Landed;LX;465;221;LD;Flight Landed
2L467;LCY;2023-05-29;18:50;2023-05-29;18:58;;;DP;Flight Departed;ZRH;2023-05-29;21:25;2023-05-29;21:37;;;LD;Flight Landed;2L;467;290;LD;Flight Landed
LX447;LCY;2023-05-29;19:10;2023-05-29;20:06;;;DP;Flight Departed;GVA;2023-05-29;21:45;2023-05-29;22:39;1;;LD;Flight Landed;LX;447;221;LD;Flight Landed
CL937;LCY;2023-05-29;19:20;2023-05-29;19:54;;006;DP;Flight Departed;FRA;2023-05-29;21:40;2023-05-29;22:13;1;Area B;LD;Flight Landed;CL;937;E90;LD;Flight Landed
2L451;LCY;2023-05-29;20:10;2023-05-29;20:25;;;DP;Flight Departed;ZRH;2023-05-29;22:45;2023-05-29;23:07;;;LD;Flight Landed;2L;451;290;LD;Flight Landed
SN3802;FAO;2023-05-29;12:10;2023-05-29;12:29;;;DP;Flight Departed;BRU;2023-05-29;16:00;2023-05-29;16:14;;;LD;Flight Landed;SN;3802;320;LD;Flight Landed
LH1163;FAO;2023-05-29;15:20;2023-05-29;15:34;;218;DP;Flight Departed;FRA;2023-05-29;19:25;2023-05-29;19:36;1;A52;LD;Flight Landed;LH;1163;32M;LD;Flight Landed
LH1787;FAO;2023-05-29;15:50;2023-05-29;16:05;;220;DP;Flight Departed;MUC;2023-05-29;19:50;2023-05-29;20:11;2;G10;LD;Flight Landed;LH;1787;32M;LD;Flight Landed
EW9643;FAO;2023-05-29;17:30;2023-05-29;17:55;;;DP;Flight Departed;DUS;2023-05-29;21:30;2023-05-29;21:53;;B31;LD;Flight Landed;EW;9643;32N;LD;Flight Landed
EW7643;FAO;2023-05-29;18:05;2023-05-29;18:00;;;DP;Flight Departed;HAM;2023-05-29;22:30;2023-05-29;22:32;1;;LD;Flight Landed;EW;7643;32N;LD;Flight Landed
EW2649;FAO;2023-05-29;18:45;2023-05-29;18:53;;;DP;Flight Departed;STR;2023-05-29;22:50;2023-05-29;22:42;1;;LD;Flight Landed;EW;2649;32A;LD;Flight Landed
EW647;FAO;2023-05-29;20:55;2023-05-29;20:53;;;DP;Flight Departed;CGN;2023-05-30;00:55;2023-05-30;00:57;1;B81;LD;Flight Landed;EW;647;32A;LD;Flight Landed
EN8207;VRN;2023-05-29;06:30;2023-05-29;07:21;;;DP;Flight Departed;MUC;2023-05-29;07:30;2023-05-29;08:13;2;T02S;LD;Flight Landed;EN;8207;E95;LD;Flight Landed
EN8823;VRN;2023-05-29;06:30;2023-05-29;07:18;;;DP;Flight Departed;FRA;2023-05-29;07:55;2023-05-29;08:40;1;BSO;LD;Flight Landed;EN;8823;E95;LD;Flight Landed
EN8211;VRN;2023-05-29;13:35;2023-05-29;13:35;;;DP;Flight Departed;MUC;2023-05-29;14:35;2023-05-29;14:37;2;T02S;LD;Flight Landed;EN;8211;E95;LD;Flight Landed
EN8827;VRN;2023-05-29;14:15;2023-05-29;14:32;;;DP;Flight Departed;FRA;2023-05-29;15:40;2023-05-29;15:59;1;Area A;LD;Flight Landed;EN;8827;E95;LD;Flight Landed
EW843;VRN;2023-05-29;16:45;2023-05-29;16:56;;;DP;Flight Departed;CGN;2023-05-29;18:10;2023-05-29;18:10;1;C20;LD;Flight Landed;EW;843;31D;LD;Flight Landed
EW7883;VRN;2023-05-29;19:20;2023-05-29;19:37;;;DP;Flight Departed;HAM;2023-05-29;21:05;2023-05-29;21:20;1;;LD;Flight Landed;EW;7883;31D;LD;Flight Landed
2A3469;ZAQ;2023-05-29;07:30;2023-05-29;07:28;;T07;DP;Flight Departed;QWU;2023-05-29;08:52;2023-05-29;08:52;;;LD;Flight Landed;2A;3469;TRN;LD;Flight Landed
2A3471;ZAQ;2023-05-29;08:30;2023-05-29;08:30;;T06;DP;Flight Departed;QWU;2023-05-29;09:52;2023-05-29;09:51;;;LD;Flight Landed;2A;3471;TRN;LD;Flight Landed
2A3473;ZAQ;2023-05-29;09:33;2023-05-29;09:33;;T07;DP;Flight Departed;QWU;2023-05-29;10:52;2023-05-29;10:51;;;LD;Flight Landed;2A;3473;TRN;LD;Flight Landed
2A3490;ZAQ;2023-05-29;10:27;2023-05-29;10:28;;T09;DP;Flight Departed;ZMU;2023-05-29;11:39;2023-05-29;11:40;;;LD;Flight Landed;2A;3490;TRN;LD;Flight Landed
2A3475;ZAQ;2023-05-29;10:30;;;;T07;NO;No Status;QWU;2023-05-29;11:52;;;;;NO;No Status;2A;3475;TRN;CD;Flight Cancelled
2A3477;ZAQ;2023-05-29;11:33;2023-05-29;11:34;;T07;DP;Flight Departed;QWU;2023-05-29;12:52;2023-05-29;12:54;;;LD;Flight Landed;2A;3477;TRN;LD;Flight Landed
2A3479;ZAQ;2023-05-29;12:30;2023-05-29;12:30;;T04;DP;Flight Departed;QWU;2023-05-29;13:52;2023-05-29;13:47;;;LD;Flight Landed;2A;3479;TRN;LD;Flight Landed
2A3481;ZAQ;2023-05-29;13:33;2023-05-29;13:37;;T07;DP;Flight Departed;QWU;2023-05-29;14:52;2023-05-29;14:52;;;LD;Flight Landed;2A;3481;TRN;LD;Flight Landed
2A3483;ZAQ;2023-05-29;14:30;2023-05-29;14:31;;T06;DP;Flight Departed;QWU;2023-05-29;15:53;2023-05-29;15:49;;;LD;Flight Landed;2A;3483;TRN;LD;Flight Landed
2A3485;ZAQ;2023-05-29;15:33;2023-05-29;15:33;;T07;DP;Flight Departed;QWU;2023-05-29;16:52;2023-05-29;16:50;;;LD;Flight Landed;2A;3485;TRN;LD;Flight Landed
2A3470;ZAQ;2023-05-29;16:27;2023-05-29;16:28;;T09;DP;Flight Departed;ZMU;2023-05-29;17:38;2023-05-29;17:37;;;LD;Flight Landed;2A;3470;TRN;LD;Flight Landed
2A3487;ZAQ;2023-05-29;16:30;2023-05-29;16:31;;T04;DP;Flight Departed;QWU;2023-05-29;17:52;2023-05-29;17:53;;;LD;Flight Landed;2A;3487;TRN;LD;Flight Landed
EW2965;SPU;2023-05-29;12:35;2023-05-29;12:26;;;DP;Flight Departed;STR;2023-05-29;14:10;2023-05-29;13:58;1;;LD;Flight Landed;EW;2965;31D;LD;Flight Landed
EW7985;SPU;2023-05-29;13:10;2023-05-29;13:08;;;DP;Flight Departed;HAM;2023-05-29;15:15;2023-05-29;15:10;1;;LD;Flight Landed;EW;7985;32A;LD;Flight Landed
OS746;SPU;2023-05-29;15:25;2023-05-29;15:22;;;DP;Flight Departed;VIE;2023-05-29;16:30;2023-05-29;16:31;3;F21A;LD;Flight Landed;OS;746;320;LD;Flight Landed
X89961;SPU;2023-05-29;16:00;;;;;DL;Flight Delayed;DUS;2023-05-29;18:00;2023-05-29;18:40;;A68I;LD;Flight Landed;X8;9961;320;DL;Flight Delayed
LH1717;SPU;2023-05-29;16:55;2023-05-29;17:13;;;DP;Flight Departed;MUC;2023-05-29;18:15;2023-05-29;18:37;2;K26;LD;Flight Landed;LH;1717;32V;LD;Flight Landed
LH1413;SPU;2023-05-29;18:40;2023-05-29;19:31;;;DP;Flight Departed;FRA;2023-05-29;20:30;2023-05-29;21:24;1;A17;LD;Flight Landed;LH;1413;32N;LD;Flight Landed
WK449;SPU;2023-05-29;20:55;2023-05-29;21:25;;;DP;Flight Departed;ZRH;2023-05-29;22:25;2023-05-29;23:05;;;LD;Flight Landed;WK;449;320;LD;Flight Landed
QS969;SPU;2023-05-29;21:00;2023-05-29;22:10;;;DP;Flight Departed;CGN;2023-05-29;22:55;2023-05-30;00:10;1;C88;LD;Flight Landed;QS;969;73H;LD;Flight Landed
EN8763;KTW;2023-05-29;06:15;2023-05-29;06:18;;014;DP;Flight Departed;FRA;2023-05-29;07:55;2023-05-29;07:55;1;BSO;LD;Flight Landed;EN;8763;E95;LD;Flight Landed
CL1361;KTW;2023-05-29;10:35;2023-05-29;10:44;;014;DP;Flight Departed;FRA;2023-05-29;12:10;2023-05-29;12:18;1;BSO;LD;Flight Landed;CL;1361;E90;LD;Flight Landed
EN8761;KTW;2023-05-29;14:45;2023-05-29;16:06;;014;DP;Flight Departed;FRA;2023-05-29;16:20;2023-05-29;17:39;1;BSO;LD;Flight Landed;EN;8761;E90;LD;Flight Landed
E66815;NUE;2023-05-29;05:05;2023-05-29;05:17;;A52;DP;Flight Departed;PMI;2023-05-29;07:20;2023-05-29;07:18;;;LD;Flight Landed;E6;6815;32A;LD;Flight Landed
YY3801;NUE;2023-05-29;05:15;;;;BUS;NO;No Status;MUC;2023-05-29;07:30;;;2;;NO;No Status;YY;3801;BUS;NA;No Status
LH143;NUE;2023-05-29;06:00;2023-05-29;06:00;;A14;DP;Flight Departed;FRA;2023-05-29;06:45;2023-05-29;06:48;1;Area A;LD;Flight Landed;LH;143;319;LD;Flight Landed
YY3803;NUE;2023-05-29;07:45;;;;BUS;NO;No Status;MUC;2023-05-29;10:00;;;2;;NO;No Status;YY;3803;BUS;NA;No Status
OS262;NUE;2023-05-29;08:10;2023-05-29;08:12;;A14;DP;Flight Departed;VIE;2023-05-29;09:15;2023-05-29;09:11;3;ARS;LD;Flight Landed;OS;262;E95;LD;Flight Landed
LH145;NUE;2023-05-29;08:35;2023-05-29;08:42;;A17;DP;Flight Departed;FRA;2023-05-29;09:20;2023-05-29;09:36;1;A11;LD;Flight Landed;LH;145;319;LD;Flight Landed
BT1189;NUE;2023-05-29;11:00;2023-05-29;11:02;;A17;DP;Flight Departed;ZRH;2023-05-29;12:00;2023-05-29;11:55;;;LD;Flight Landed;BT;1189;223;LD;Flight Landed
CL147;NUE;2023-05-29;11:15;2023-05-29;11:12;;A14;DP;Flight Departed;FRA;2023-05-29;12:00;2023-05-29;12:10;1;A26;LD;Flight Landed;CL;147;E90;LD;Flight Landed
YY3805;NUE;2023-05-29;11:45;;;;BUS;NO;No Status;MUC;2023-05-29;14:00;;;2;;NO;No Status;YY;3805;BUS;NA;No Status
YY3807;NUE;2023-05-29;16:00;;;;BUS;NO;No Status;MUC;2023-05-29;18:15;;;2;;NO;No Status;YY;3807;BUS;NA;No Status
E66817;NUE;2023-05-29;16:55;2023-05-29;17:13;;A14;DP;Flight Departed;PMI;2023-05-29;19:10;2023-05-29;19:21;;;LD;Flight Landed;E6;6817;320;LD;Flight Landed
YY3809;NUE;2023-05-29;18:15;;;;BUS;NO;No Status;MUC;2023-05-29;20:30;;;2;;NO;No Status;YY;3809;BUS;NA;No Status
LH153;NUE;2023-05-29;18:30;2023-05-29;18:41;;A19;DP;Flight Departed;FRA;2023-05-29;19:15;2023-05-29;19:26;1;Area A;LD;Flight Landed;LH;153;321;LD;Flight Landed
BT1193;NUE;2023-05-29;19:05;2023-05-29;19:56;;A14;DP;Flight Departed;ZRH;2023-05-29;20:00;2023-05-29;20:54;;;LD;Flight Landed;BT;1193;223;LD;Flight Landed
OS266;NUE;2023-05-29;19:45;2023-05-29;19:45;;A19;DP;Flight Departed;VIE;2023-05-29;20:50;2023-05-29;20:45;3;ARS;LD;Flight Landed;OS;266;E95;LD;Flight Landed
CL2213;ORY;2023-05-29;09:35;2023-05-29;09:42;1;A19;DP;Flight Departed;MUC;2023-05-29;11:00;2023-05-29;11:03;2;T02S;LD;Flight Landed;CL;2213;CR9;LD;Flight Landed
EN8363;ORY;2023-05-29;19:15;2023-05-29;19:15;;A21;DP;Flight Departed;MUC;2023-05-29;20:40;2023-05-29;20:43;2;K21;LD;Flight Landed;EN;8363;E95;LD;Flight Landed
LH1121;MAD;2023-05-29;06:10;2023-05-29;06:45;2;E77;DP;Flight Departed;FRA;2023-05-29;08:40;2023-05-29;09:13;1;A16;LD;Flight Landed;LH;1121;32M;LD;Flight Landed
SN3732;MAD;2023-05-29;06:20;2023-05-29;06:28;2;;DP;Flight Departed;BRU;2023-05-29;08:35;2023-05-29;08:41;;;LD;Flight Landed;SN;3732;320;LD;Flight Landed
LH1807;MAD;2023-05-29;07:15;2023-05-29;07:14;2;E74;DP;Flight Departed;MUC;2023-05-29;09:45;2023-05-29;09:47;2;K12;LD;Flight Landed;LH;1807;32A;LD;Flight Landed
LH1123;MAD;2023-05-29;08:30;2023-05-29;08:38;2;E69;DP;Flight Departed;FRA;2023-05-29;10:55;2023-05-29;11:24;1;A13;LD;Flight Landed;LH;1123;32N;LD;Flight Landed
CL1801;MAD;2023-05-29;11:55;2023-05-29;11:56;2;E74;DP;Flight Departed;MUC;2023-05-29;14:25;2023-05-29;14:27;2;K12;LD;Flight Landed;CL;1801;32N;LD;Flight Landed
LH1113;MAD;2023-05-29;13:00;2023-05-29;13:42;2;E75;DP;Flight Departed;FRA;2023-05-29;15:30;2023-05-29;16:20;1;B19A;LD;Flight Landed;LH;1113;32M;LD;Flight Landed
LH1803;MAD;2023-05-29;15:25;2023-05-29;15:25;2;E75;DP;Flight Departed;MUC;2023-05-29;17:55;2023-05-29;17:55;2;K15;LD;Flight Landed;LH;1803;32V;LD;Flight Landed
LH1115;MAD;2023-05-29;17:10;2023-05-29;17:31;2;E78;DP;Flight Departed;FRA;2023-05-29;19:35;2023-05-29;20:04;1;A54;LD;Flight Landed;LH;1115;321;LD;Flight Landed
SN3728;MAD;2023-05-29;17:35;2023-05-29;17:36;2;;DP;Flight Departed;BRU;2023-05-29;19:50;2023-05-29;20:07;;;LD;Flight Landed;SN;3728;320;LD;Flight Landed
LX2033;MAD;2023-05-29;20:20;2023-05-29;21:31;2;;DP;Flight Departed;ZRH;2023-05-29;22:35;2023-05-29;23:37;;;LD;Flight Landed;LX;2033;223;LD;Flight Landed
EN8199;VCE;2023-05-29;06:30;2023-05-29;06:22;;;DP;Flight Departed;MUC;2023-05-29;07:30;2023-05-29;07:26;2;K24;LD;Flight Landed;EN;8199;E95;LD;Flight Landed
SN3208;VCE;2023-05-29;06:55;2023-05-29;06:57;;;DP;Flight Departed;BRU;2023-05-29;08:40;2023-05-29;08:42;;;LD;Flight Landed;SN;3208;319;LD;Flight Landed
OS528;VCE;2023-05-29;07:20;2023-05-29;07:17;;;DP;Flight Departed;VIE;2023-05-29;08:25;2023-05-29;08:21;3;ARS;LD;Flight Landed;OS;528;E95;LD;Flight Landed
BT1661;VCE;2023-05-29;09:25;2023-05-29;09:21;;;DP;Flight Departed;ZRH;2023-05-29;10:40;2023-05-29;10:24;;;LD;Flight Landed;BT;1661;223;LD;Flight Landed
EN8201;VCE;2023-05-29;09:55;2023-05-29;10:11;;;DP;Flight Departed;MUC;2023-05-29;10:55;2023-05-29;11:11;2;T02S;LD;Flight Landed;EN;8201;E95;LD;Flight Landed
LH325;VCE;2023-05-29;10:45;2023-05-29;10:58;;011;DP;Flight Departed;FRA;2023-05-29;12:10;2023-05-29;12:24;1;A56;LD;Flight Landed;LH;325;321;LD;Flight Landed
OS522;VCE;2023-05-29;10:55;2023-05-29;10:52;;;DP;Flight Departed;VIE;2023-05-29;12:00;2023-05-29;11:51;3;ARS;LD;Flight Landed;OS;522;E95;LD;Flight Landed
SN3202;VCE;2023-05-29;12:00;2023-05-29;12:40;;;DP;Flight Departed;BRU;2023-05-29;13:45;2023-05-29;14:13;;;LD;Flight Landed;SN;3202;319;LD;Flight Landed
EW815;VCE;2023-05-29;12:15;2023-05-29;12:17;;;DP;Flight Departed;CGN;2023-05-29;13:50;2023-05-29;13:41;1;B40;LD;Flight Landed;EW;815;31D;LD;Flight Landed
EW9811;VCE;2023-05-29;13:10;2023-05-29;13:17;;;DP;Flight Departed;DUS;2023-05-29;14:50;2023-05-29;14:49;;A25;LD;Flight Landed;EW;9811;32Z;LD;Flight Landed
EW7813;VCE;2023-05-29;13:30;2023-05-29;13:34;;;DP;Flight Departed;HAM;2023-05-29;15:20;2023-05-29;15:12;1;;LD;Flight Landed;EW;7813;32N;LD;Flight Landed
EW2431;VCE;2023-05-29;13:45;2023-05-29;13:53;;;DP;Flight Departed;STR;2023-05-29;15:00;2023-05-29;15:03;1;;LD;Flight Landed;EW;2431;32A;LD;Flight Landed
LH327;VCE;2023-05-29;14:40;2023-05-29;15:15;;011;DP;Flight Departed;FRA;2023-05-29;16:05;2023-05-29;16:39;1;A19;LD;Flight Landed;LH;327;32A;LD;Flight Landed
OS524;VCE;2023-05-29;14:40;2023-05-29;14:35;;;DP;Flight Departed;VIE;2023-05-29;15:45;2023-05-29;15:33;3;ARS;LD;Flight Landed;OS;524;E95;LD;Flight Landed
LX1663;VCE;2023-05-29;14:50;2023-05-29;16:28;;;DP;Flight Departed;ZRH;2023-05-29;16:00;2023-05-29;17:33;;;LD;Flight Landed;LX;1663;223;LD;Flight Landed
EN8205;VCE;2023-05-29;16:55;2023-05-29;17:38;;;DP;Flight Departed;MUC;2023-05-29;17:55;2023-05-29;18:41;2;K23;LD;Flight Landed;EN;8205;E95;LD;Flight Landed
LH329;VCE;2023-05-29;18:20;2023-05-29;18:46;;016;DP;Flight Departed;FRA;2023-05-29;19:45;2023-05-29;20:18;1;Area A;LD;Flight Landed;LH;329;32A;LD;Flight Landed
2L1665;VCE;2023-05-29;19:05;2023-05-29;19:52;;;DP;Flight Departed;ZRH;2023-05-29;20:10;2023-05-29;20:46;;;LD;Flight Landed;2L;1665;290;LD;Flight Landed
OS530;VCE;2023-05-29;19:20;2023-05-29;19:19;;;DP;Flight Departed;VIE;2023-05-29;20:25;2023-05-29;20:18;3;ARS;LD;Flight Landed;OS;530;E95;LD;Flight Landed
EW9813;VCE;2023-05-29;20:05;2023-05-29;19:58;;;DP;Flight Departed;DUS;2023-05-29;21:45;2023-05-29;21:32;;B91;LD;Flight Landed;EW;9813;31D;LD;Flight Landed
EN8237;VCE;2023-05-29;20:15;2023-05-29;20:50;;;DP;Flight Departed;MUC;2023-05-29;21:15;2023-05-29;21:47;2;T02S;LD;Flight Landed;EN;8237;E95;LD;Flight Landed
YY9429;ZIN;2023-05-29;07:00;2023-05-29;07:00;;;OT;Flight On Time;ZRH;2023-05-29;09:14;2023-05-29;09:14;;;OT;Flight On Time;YY;9429;TRN;OT;Flight On Time
YY9431;ZIN;2023-05-29;09:00;2023-05-29;09:00;;;OT;Flight On Time;ZRH;2023-05-29;11:14;2023-05-29;11:14;;;OT;Flight On Time;YY;9431;TRN;OT;Flight On Time
YY9433;ZIN;2023-05-29;11:00;2023-05-29;11:00;;;OT;Flight On Time;ZRH;2023-05-29;13:14;2023-05-29;13:14;;;OT;Flight On Time;YY;9433;TRN;OT;Flight On Time
YY9435;ZIN;2023-05-29;14:00;2023-05-29;14:00;;;OT;Flight On Time;ZRH;2023-05-29;16:14;2023-05-29;16:14;;;OT;Flight On Time;YY;9435;TRN;OT;Flight On Time
YY9437;ZIN;2023-05-29;16:00;2023-05-29;16:00;;;OT;Flight On Time;ZRH;2023-05-29;18:14;2023-05-29;18:14;;;OT;Flight On Time;YY;9437;TRN;OT;Flight On Time
CL1605;RZE;2023-05-29;13:10;2023-05-29;13:19;;004;DP;Flight Departed;MUC;2023-05-29;14:35;2023-05-29;14:48;2;T02S;LD;Flight Landed;CL;1605;CR9;LD;Flight Landed
E66802;PMI;2023-05-29;07:00;2023-05-29;07:11;;;DP;Flight Departed;DRS;2023-05-29;09:35;2023-05-29;09:36;;;LD;Flight Landed;E6;6802;320;LD;Flight Landed
E66818;PMI;2023-05-29;07:45;2023-05-29;07:38;;;DP;Flight Departed;SCN;2023-05-29;09:50;2023-05-29;09:36;;;LD;Flight Landed;E6;6818;32A;LD;Flight Landed
EW6836;PMI;2023-05-29;07:45;2023-05-29;08:07;;;DP;Flight Departed;ZRH;2023-05-29;09:45;2023-05-29;09:54;;;LD;Flight Landed;EW;6836;320;LD;Flight Landed
E61993;PMI;2023-05-29;08:10;2023-05-29;08:12;;;DP;Flight Departed;MUC;2023-05-29;10:25;2023-05-29;10:23;1;;LD;Flight Landed;E6;1993;320;LD;Flight Landed
E66810;PMI;2023-05-29;08:15;2023-05-29;08:18;;;DP;Flight Departed;BSL;2023-05-29;10:15;2023-05-29;10:16;;;LD;Flight Landed;E6;6810;32A;LD;Flight Landed
E66800;PMI;2023-05-29;08:20;2023-05-29;08:21;;;DP;Flight Departed;LEJ;2023-05-29;10:55;2023-05-29;10:45;;;LD;Flight Landed;E6;6800;32A;LD;Flight Landed
EW6812;PMI;2023-05-29;08:40;2023-05-29;08:36;;;DP;Flight Departed;DTM;2023-05-29;11:10;2023-05-29;11:05;;;LD;Flight Landed;EW;6812;32A;LD;Flight Landed
EW1995;PMI;2023-05-29;08:55;2023-05-29;09:03;;;DP;Flight Departed;MUC;2023-05-29;11:10;2023-05-29;11:02;1;;LD;Flight Landed;EW;1995;32A;LD;Flight Landed
EW9585;PMI;2023-05-29;09:15;2023-05-29;09:27;;;DP;Flight Departed;DUS;2023-05-29;11:50;2023-05-29;11:40;;A49;LD;Flight Landed;EW;9585;32A;LD;Flight Landed
X89589;PMI;2023-05-29;09:30;2023-05-29;09:30;;;DP;Flight Departed;DUS;2023-05-29;12:05;2023-05-29;11:43;;A68I;LD;Flight Landed;X8;9589;320;LD;Flight Landed
WK2153;PMI;2023-05-29;09:35;2023-05-29;09:49;;D90;DP;Flight Departed;ZRH;2023-05-29;11:30;2023-05-29;11:46;;;LD;Flight Landed;WK;2153;320;LD;Flight Landed
EW7589;PMI;2023-05-29;09:45;2023-05-29;10:00;;;DP;Flight Departed;HAM;2023-05-29;12:30;2023-05-29;12:43;1;;LD;Flight Landed;EW;7589;32A;LD;Flight Landed
EW9579;PMI;2023-05-29;11:15;2023-05-29;11:47;;;DP;Flight Departed;DUS;2023-05-29;13:50;2023-05-29;14:22;;B27;LD;Flight Landed;EW;9579;32A;LD;Flight Landed
EW9575;PMI;2023-05-29;11:40;2023-05-29;11:47;;;DP;Flight Departed;DUS;2023-05-29;14:15;2023-05-29;14:15;;B33;LD;Flight Landed;EW;9575;32A;LD;Flight Landed
EW8593;PMI;2023-05-29;12:15;2023-05-29;12:33;;;DP;Flight Departed;BER;2023-05-29;15:00;2023-05-29;15:18;1;B06;LD;Flight Landed;EW;8593;320;LD;Flight Landed
LX2159;PMI;2023-05-29;12:45;2023-05-29;12:52;;D90;DP;Flight Departed;ZRH;2023-05-29;14:45;2023-05-29;15:01;;;LD;Flight Landed;LX;2159;32N;LD;Flight Landed
4Y513;PMI;2023-05-29;13:15;2023-05-29;13:25;;D92;DP;Flight Departed;FRA;2023-05-29;15:35;2023-05-29;15:55;1;BSO;LD;Flight Landed;4Y;513;32A;LD;Flight Landed
EW7583;PMI;2023-05-29;13:20;2023-05-29;13:23;;;DP;Flight Departed;HAM;2023-05-29;16:05;2023-05-29;16:22;1;;LD;Flight Landed;EW;7583;32N;LD;Flight Landed
EW8591;PMI;2023-05-29;13:25;2023-05-29;13:50;;;DP;Flight Departed;BER;2023-05-29;16:10;2023-05-29;16:31;1;S02;LD;Flight Landed;EW;8591;320;LD;Flight Landed
E66838;PMI;2023-05-29;13:30;2023-05-29;13:33;;;DP;Flight Departed;PAD;2023-05-29;16:00;2023-05-29;16:07;;;LD;Flight Landed;E6;6838;32A;LD;Flight Landed
E66816;PMI;2023-05-29;13:40;2023-05-29;13:40;;;DP;Flight Departed;NUE;2023-05-29;15:55;2023-05-29;16:04;;;LD;Flight Landed;E6;6816;320;LD;Flight Landed
X82585;PMI;2023-05-29;13:55;2023-05-29;13:55;;;DP;Flight Departed;STR;2023-05-29;16:05;2023-05-29;16:08;1;;LD;Flight Landed;X8;2585;320;LD;Flight Landed
OS434;PMI;2023-05-29;13:55;2023-05-29;13:58;;D98;DP;Flight Departed;VIE;2023-05-29;16:20;2023-05-29;16:19;3;F31A;LD;Flight Landed;OS;434;320;LD;Flight Landed
EW1787;PMI;2023-05-29;14:00;2023-05-29;13:58;;;DP;Flight Departed;MUC;2023-05-29;16:15;2023-05-29;16:01;1;;LD;Flight Landed;EW;1787;320;LD;Flight Landed
EW585;PMI;2023-05-29;14:20;2023-05-29;14:50;;;DP;Flight Departed;CGN;2023-05-29;16:45;2023-05-29;17:31;1;D60;LD;Flight Landed;EW;585;320;LD;Flight Landed
EW593;PMI;2023-05-29;14:25;2023-05-29;14:43;;;DP;Flight Departed;CGN;2023-05-29;16:50;2023-05-29;17:27;1;C30;LD;Flight Landed;EW;593;32Z;LD;Flight Landed
E66892;PMI;2023-05-29;14:25;2023-05-29;14:34;;;DP;Flight Departed;BER;2023-05-29;17:10;2023-05-29;17:25;1;A06;LD;Flight Landed;E6;6892;32A;LD;Flight Landed
E66804;PMI;2023-05-29;14:30;2023-05-29;14:33;;;DP;Flight Departed;FKB;2023-05-29;16:35;2023-05-29;16:50;;;LD;Flight Landed;E6;6804;320;LD;Flight Landed
E66850;PMI;2023-05-29;14:55;2023-05-29;15:10;;;DP;Flight Departed;HAJ;2023-05-29;17:35;2023-05-29;17:44;;;LD;Flight Landed;E6;6850;32A;LD;Flight Landed
LH1795;PMI;2023-05-29;14:55;2023-05-29;15:21;;D88;DP;Flight Departed;MUC;2023-05-29;17:05;2023-05-29;17:28;2;G34;LD;Flight Landed;LH;1795;32V;LD;Flight Landed
EW1991;PMI;2023-05-29;15:00;2023-05-29;15:32;;;DP;Flight Departed;MUC;2023-05-29;17:15;2023-05-29;17:45;1;;LD;Flight Landed;EW;1991;32A;LD;Flight Landed
X87591;PMI;2023-05-29;15:05;2023-05-29;15:48;;;DP;Flight Departed;HAM;2023-05-29;17:50;2023-05-29;18:40;1;;LD;Flight Landed;X8;7591;320;LD;Flight Landed
LX2157;PMI;2023-05-29;15:05;2023-05-29;15:51;;D86;DP;Flight Departed;ZRH;2023-05-29;17:00;2023-05-29;17:48;;;LD;Flight Landed;LX;2157;320;LD;Flight Landed
E66828;PMI;2023-05-29;15:10;2023-05-29;16:17;;;DP;Flight Departed;BRE;2023-05-29;17:50;2023-05-29;18:54;;;LD;Flight Landed;E6;6828;32A;LD;Flight Landed
EW581;PMI;2023-05-29;15:20;2023-05-29;15:58;;;DP;Flight Departed;CGN;2023-05-29;17:45;2023-05-29;18:14;1;B81;LD;Flight Landed;EW;581;32A;LD;Flight Landed
EW9595;PMI;2023-05-29;15:25;2023-05-29;16:18;;;DP;Flight Departed;DUS;2023-05-29;18:00;2023-05-29;18:42;;A40;LD;Flight Landed;EW;9595;31D;LD;Flight Landed
EW4099;PMI;2023-05-29;15:50;2023-05-29;17:50;;;DP;Flight Departed;DTM;2023-05-29;18:20;2023-05-29;20:16;;;LD;Flight Landed;EW;4099;320;LD;Flight Landed
X89581;PMI;2023-05-29;15:50;2023-05-29;18:29;;;DP;Flight Departed;DUS;2023-05-29;18:25;2023-05-29;20:52;;A49;LD;Flight Landed;X8;9581;320;LD;Flight Landed
LH1159;PMI;2023-05-29;16:05;2023-05-29;16:58;;D88;DP;Flight Departed;FRA;2023-05-29;18:25;2023-05-29;19:16;1;A15;LD;Flight Landed;LH;1159;32Q;LD;Flight Landed
WK247;PMI;2023-05-29;16:05;2023-05-29;17:06;;D84;DP;Flight Departed;ZRH;2023-05-29;17:55;2023-05-29;19:09;;;LD;Flight Landed;WK;247;320;LD;Flight Landed
EW7593;PMI;2023-05-29;16:10;2023-05-29;16:55;;;DP;Flight Departed;HAM;2023-05-29;18:55;2023-05-29;19:49;1;;LD;Flight Landed;EW;7593;320;LD;Flight Landed
LH1797;PMI;2023-05-29;17:25;2023-05-29;18:25;;D90;DP;Flight Departed;MUC;2023-05-29;19:35;2023-05-29;20:36;2;G26;LD;Flight Landed;LH;1797;321;LD;Flight Landed
OS436;PMI;2023-05-29;17:55;2023-05-29;18:46;;D92;DP;Flight Departed;VIE;2023-05-29;20:20;2023-05-29;21:14;3;ARS;LD;Flight Landed;OS;436;320;LD;Flight Landed
EW2583;PMI;2023-05-29;18:05;2023-05-29;18:42;;;DP;Flight Departed;STR;2023-05-29;20:15;2023-05-29;20:53;1;;LD;Flight Landed;EW;2583;32A;LD;Flight Landed
LX2151;PMI;2023-05-29;18:15;2023-05-29;18:57;;D96;DP;Flight Departed;ZRH;2023-05-29;20:10;2023-05-29;20:57;;;LD;Flight Landed;LX;2151;32N;LD;Flight Landed
E64369;PMI;2023-05-29;19:05;2023-05-29;21:42;;;DP;Flight Departed;SZG;2023-05-29;21:15;2023-05-29;23:46;;;LD;Flight Landed;E6;4369;320;LD;Flight Landed
EW9593;PMI;2023-05-29;19:05;2023-05-29;19:25;;;DP;Flight Departed;DUS;2023-05-29;21:40;2023-05-29;21:50;;A40;LD;Flight Landed;EW;9593;32Z;LD;Flight Landed
4Y515;PMI;2023-05-29;19:10;2023-05-29;20:15;;D94;DP;Flight Departed;FRA;2023-05-29;21:30;2023-05-29;22:41;1;BSO;LD;Flight Landed;4Y;515;32A;LD;Flight Landed
EW7587;PMI;2023-05-29;19:35;2023-05-29;19:45;;;DP;Flight Departed;HAM;2023-05-29;22:20;2023-05-29;22:28;1;;LD;Flight Landed;EW;7587;32A;LD;Flight Landed
EW7581;PMI;2023-05-29;19:40;2023-05-29;19:49;;;DP;Flight Departed;HAM;2023-05-29;22:25;2023-05-29;22:33;1;;LD;Flight Landed;EW;7581;32N;LD;Flight Landed
BT2155;PMI;2023-05-29;19:50;2023-05-29;19:54;;D92;DP;Flight Departed;ZRH;2023-05-29;21:45;2023-05-29;21:56;;;LD;Flight Landed;BT;2155;223;LD;Flight Landed
EW9591;PMI;2023-05-29;19:55;2023-05-29;19:56;;;DP;Flight Departed;DUS;2023-05-29;22:30;2023-05-29;22:14;;B93;LD;Flight Landed;EW;9591;32A;LD;Flight Landed
EW599;PMI;2023-05-29;20:00;2023-05-29;20:19;;;DP;Flight Departed;CGN;2023-05-29;22:25;2023-05-29;22:25;1;C88;LD;Flight Landed;EW;599;32A;LD;Flight Landed
E66814;PMI;2023-05-29;20:00;2023-05-29;20:19;;;DP;Flight Departed;NUE;2023-05-29;22:15;2023-05-29;22:28;;;LD;Flight Landed;E6;6814;320;LD;Flight Landed
E63591;PMI;2023-05-29;20:15;2023-05-29;20:25;;;DP;Flight Departed;HAJ;2023-05-29;22:55;2023-05-29;23:05;;;LD;Flight Landed;E6;3591;320;LD;Flight Landed
E66808;PMI;2023-05-29;20:30;2023-05-29;20:31;;;DP;Flight Departed;PAD;2023-05-29;23:00;2023-05-29;22:51;;;LD;Flight Landed;E6;6808;32A;LD;Flight Landed
EW2587;PMI;2023-05-29;20:40;2023-05-29;21:45;;;DP;Flight Departed;STR;2023-05-29;22:50;2023-05-29;23:56;1;;LD;Flight Landed;EW;2587;31D;LD;Flight Landed
EW2591;PMI;2023-05-29;20:40;2023-05-29;20:43;;;DP;Flight Departed;STR;2023-05-29;22:50;2023-05-29;22:48;1;;LD;Flight Landed;EW;2591;320;LD;Flight Landed
EW2581;PMI;2023-05-29;20:55;2023-05-29;21:30;;;DP;Flight Departed;STR;2023-05-29;23:05;2023-05-29;23:39;1;;LD;Flight Landed;EW;2581;32A;LD;Flight Landed
EW589;PMI;2023-05-29;21:50;2023-05-29;22:32;;;DP;Flight Departed;CGN;2023-05-30;00:15;2023-05-30;00:40;1;C88;LD;Flight Landed;EW;589;32A;LD;Flight Landed
QS583;PMI;2023-05-29;22:35;2023-05-29;22:52;;;DP;Flight Departed;CGN;2023-05-30;01:00;2023-05-30;01:09;1;B88;LD;Flight Landed;QS;583;73H;LD;Flight Landed
E66806;PMI;2023-05-29;23:15;2023-05-29;23:16;;;DP;Flight Departed;FMO;2023-05-30;01:45;2023-05-30;01:35;;;LD;Flight Landed;E6;6806;32A;LD;Flight Landed
E66822;PMI;2023-05-29;23:20;2023-05-29;23:22;;;DP;Flight Departed;FMO;2023-05-30;01:50;2023-05-30;01:40;;;LD;Flight Landed;E6;6822;32A;LD;Flight Landed
LH1683;BUD;2023-05-29;06:00;2023-05-29;05:56;2A;A02;DP;Flight Departed;MUC;2023-05-29;07:20;2023-05-29;07:10;2;G10;LD;Flight Landed;LH;1683;32V;LD;Flight Landed
SN2830;BUD;2023-05-29;06:35;2023-05-29;06:34;2A;A04;DP;Flight Departed;BRU;2023-05-29;08:40;2023-05-29;08:34;;;LD;Flight Landed;SN;2830;319;LD;Flight Landed
OS718;BUD;2023-05-29;07:00;2023-05-29;06:55;2A;A01;DP;Flight Departed;VIE;2023-05-29;07:45;2023-05-29;07:32;3;;LD;Flight Landed;OS;718;E95;LD;Flight Landed
LH1675;BUD;2023-05-29;08:40;2023-05-29;08:29;2A;A04;DP;Flight Departed;MUC;2023-05-29;10:00;2023-05-29;09:45;2;T02S;LD;Flight Landed;LH;1675;319;LD;Flight Landed
EW789;BUD;2023-05-29;09:05;2023-05-29;09:08;2A;;DP;Flight Departed;CGN;2023-05-29;10:55;2023-05-29;10:52;1;B20;LD;Flight Landed;EW;789;32Z;LD;Flight Landed
X87785;BUD;2023-05-29;09:05;2023-05-29;09:27;2A;;DP;Flight Departed;HAM;2023-05-29;10:50;2023-05-29;11:17;1;;LD;Flight Landed;X8;7785;320;LD;Flight Landed
BT9785;BUD;2023-05-29;09:15;2023-05-29;09:35;2A;;DP;Flight Departed;DUS;2023-05-29;11:10;2023-05-29;11:29;;B23;LD;Flight Landed;BT;9785;223;LD;Flight Landed
LX2251;BUD;2023-05-29;09:40;2023-05-29;09:53;2A;A02;DP;Flight Departed;ZRH;2023-05-29;11:20;2023-05-29;11:30;;;LD;Flight Landed;LX;2251;223;LD;Flight Landed
LH1335;BUD;2023-05-29;09:45;2023-05-29;09:44;2A;A05;DP;Flight Departed;FRA;2023-05-29;11:30;2023-05-29;11:24;1;Area A;LD;Flight Landed;LH;1335;32Q;LD;Flight Landed
OS714;BUD;2023-05-29;11:20;2023-05-29;11:22;2A;A01;DP;Flight Departed;VIE;2023-05-29;12:10;2023-05-29;11:56;3;ARS;LD;Flight Landed;OS;714;E95;LD;Flight Landed
LH1677;BUD;2023-05-29;13:25;2023-05-29;14:08;2A;A02;DP;Flight Departed;MUC;2023-05-29;14:45;2023-05-29;15:15;2;G44;LD;Flight Landed;LH;1677;32A;LD;Flight Landed
LH1339;BUD;2023-05-29;14:25;2023-05-29;14:59;2A;A05;DP;Flight Departed;FRA;2023-05-29;16:10;2023-05-29;16:36;1;A01;LD;Flight Landed;LH;1339;32N;LD;Flight Landed
2L2255;BUD;2023-05-29;14:35;2023-05-29;14:55;2A;A04;DP;Flight Departed;ZRH;2023-05-29;16:15;2023-05-29;16:26;;;LD;Flight Landed;2L;2255;E90;LD;Flight Landed
OS722;BUD;2023-05-29;15:00;2023-05-29;15:06;2A;A01;DP;Flight Departed;VIE;2023-05-29;15:50;2023-05-29;15:43;3;ARS;LD;Flight Landed;OS;722;E95;LD;Flight Landed
CL1679;BUD;2023-05-29;17:30;2023-05-29;17:33;2A;A01;DP;Flight Departed;MUC;2023-05-29;18:50;2023-05-29;18:42;2;T02S;LD;Flight Landed;CL;1679;CR9;LD;Flight Landed
SN2826;BUD;2023-05-29;18:00;2023-05-29;18:32;2A;A05;DP;Flight Departed;BRU;2023-05-29;20:05;2023-05-29;20:15;;;LD;Flight Landed;SN;2826;320;LD;Flight Landed
LH1341;BUD;2023-05-29;18:50;2023-05-29;19:39;2A;A02;DP;Flight Departed;FRA;2023-05-29;20:35;2023-05-29;21:17;1;A01;LD;Flight Landed;LH;1341;32Q;LD;Flight Landed
LX2259;BUD;2023-05-29;19:55;2023-05-29;21:06;2A;A02;DP;Flight Departed;ZRH;2023-05-29;21:30;2023-05-29;22:49;;;LD;Flight Landed;LX;2259;221;LD;Flight Landed
BT9783;BUD;2023-05-29;20:15;2023-05-29;20:17;2A;;DP;Flight Departed;DUS;2023-05-29;22:10;2023-05-29;22:09;;B91;LD;Flight Landed;BT;9783;223;LD;Flight Landed
EW2785;BUD;2023-05-29;21:30;2023-05-29;21:26;2A;;DP;Flight Departed;STR;2023-05-29;23:05;2023-05-29;22:54;1;;LD;Flight Landed;EW;2785;31D;LD;Flight Landed
E66805;FKB;2023-05-29;17:35;2023-05-29;17:47;;;DP;Flight Departed;PMI;2023-05-29;19:30;2023-05-29;19:38;;;LD;Flight Landed;E6;6805;320;LD;Flight Landed
CL1687;DEB;2023-05-29;11:10;2023-05-29;10:54;;002;DP;Flight Departed;MUC;2023-05-29;12:35;2023-05-29;12:21;2;G82;LD;Flight Landed;CL;1687;CR9;LD;Flight Landed
E63590;HAJ;2023-05-29;04:40;2023-05-29;04:38;;;DP;Flight Departed;PMI;2023-05-29;07:10;2023-05-29;07:04;;;LD;Flight Landed;E6;3590;32A;LD;Flight Landed
LH049;HAJ;2023-05-29;06:05;2023-05-29;06:11;;A05;DP;Flight Departed;FRA;2023-05-29;07:00;2023-05-29;07:06;1;A38;LD;Flight Landed;LH;049;320;LD;Flight Landed
LH2107;HAJ;2023-05-29;06:20;2023-05-29;06:15;;A06;DP;Flight Departed;MUC;2023-05-29;07:30;2023-05-29;07:22;2;T02S;LD;Flight Landed;LH;2107;319;LD;Flight Landed
LH051;HAJ;2023-05-29;08:35;2023-05-29;09:13;;A05;DP;Flight Departed;FRA;2023-05-29;09:30;2023-05-29;10:04;1;A14;LD;Flight Landed;LH;051;32A;LD;Flight Landed
CL2091;HAJ;2023-05-29;08:45;2023-05-29;08:40;;A06;DP;Flight Departed;MUC;2023-05-29;09:55;2023-05-29;09:45;2;T02S;LD;Flight Landed;CL;2091;CR9;LD;Flight Landed
2L815;HAJ;2023-05-29;09:30;2023-05-29;09:29;;;DP;Flight Departed;ZRH;2023-05-29;10:50;2023-05-29;10:44;;;LD;Flight Landed;2L;815;290;LD;Flight Landed
OS292;HAJ;2023-05-29;10:35;2023-05-29;10:18;;;DP;Flight Departed;VIE;2023-05-29;12:00;2023-05-29;11:33;3;F22A;LD;Flight Landed;OS;292;E95;LD;Flight Landed
LH2097;HAJ;2023-05-29;13:00;2023-05-29;13:04;;A06;DP;Flight Departed;MUC;2023-05-29;14:10;2023-05-29;14:08;2;T02S;LD;Flight Landed;LH;2097;319;LD;Flight Landed
LH057;HAJ;2023-05-29;14:20;2023-05-29;14:26;;A06;DP;Flight Departed;FRA;2023-05-29;15:15;2023-05-29;15:17;1;A18;LD;Flight Landed;LH;057;319;LD;Flight Landed
LX817;HAJ;2023-05-29;14:30;2023-05-29;15:24;;;DP;Flight Departed;ZRH;2023-05-29;15:45;2023-05-29;16:36;;;LD;Flight Landed;LX;817;223;LD;Flight Landed
OS294;HAJ;2023-05-29;15:10;2023-05-29;15:15;;;DP;Flight Departed;VIE;2023-05-29;16:35;2023-05-29;16:34;3;ARS;LD;Flight Landed;OS;294;E95;LD;Flight Landed
LH2101;HAJ;2023-05-29;17:30;2023-05-29;17:19;;A05;DP;Flight Departed;MUC;2023-05-29;18:40;2023-05-29;18:21;2;G30;LD;Flight Landed;LH;2101;32A;LD;Flight Landed
E66851;HAJ;2023-05-29;18:25;2023-05-29;18:32;;;DP;Flight Departed;PMI;2023-05-29;20:55;2023-05-29;20:49;;;LD;Flight Landed;E6;6851;32A;LD;Flight Landed
LH059;HAJ;2023-05-29;18:40;2023-05-29;18:58;;A06;DP;Flight Departed;FRA;2023-05-29;19:35;2023-05-29;19:49;1;Area A;LD;Flight Landed;LH;059;319;LD;Flight Landed
2L829;HAJ;2023-05-29;19:05;2023-05-29;19:03;;;DP;Flight Departed;ZRH;2023-05-29;20:25;2023-05-29;20:13;;;LD;Flight Landed;2L;829;E90;LD;Flight Landed
EN2103;HAJ;2023-05-29;19:55;2023-05-29;19:48;;A06;DP;Flight Departed;MUC;2023-05-29;21:05;2023-05-29;20:52;2;K16;LD;Flight Landed;EN;2103;E95;LD;Flight Landed
OS296;HAJ;2023-05-29;20:15;2023-05-29;20:04;;;DP;Flight Departed;VIE;2023-05-29;21:40;2023-05-29;21:31;3;ARS;LD;Flight Landed;OS;296;E95;LD;Flight Landed
LH339;PMO;2023-05-29;11:30;2023-05-29;11:32;;B01;DP;Flight Departed;FRA;2023-05-29;14:00;2023-05-29;13:49;1;Area A;LD;Flight Landed;LH;339;320;LD;Flight Landed
4Y1915;PMO;2023-05-29;11:55;2023-05-29;11:55;;A11;DP;Flight Departed;MUC;2023-05-29;13:55;2023-05-29;13:56;2;K03;LD;Flight Landed;4Y;1915;32A;LD;Flight Landed
LX1743;PMO;2023-05-29;14:40;2023-05-29;15:26;;BB1;DP;Flight Departed;ZRH;2023-05-29;16:40;2023-05-29;17:14;;;LD;Flight Landed;LX;1743;320;LD;Flight Landed
LX407;DUB;2023-05-29;08:00;2023-05-29;08:22;1;213;DP;Flight Departed;ZRH;2023-05-29;11:15;2023-05-29;11:48;;;LD;Flight Landed;LX;407;221;LD;Flight Landed
LH977;DUB;2023-05-29;09:10;2023-05-29;09:27;1;301;DP;Flight Departed;FRA;2023-05-29;12:10;2023-05-29;12:30;1;Area A;LD;Flight Landed;LH;977;32N;LD;Flight Landed
4Y2517;DUB;2023-05-29;10:40;2023-05-29;10:46;1;301;DP;Flight Departed;MUC;2023-05-29;13:55;2023-05-29;14:06;2;H34;LD;Flight Landed;4Y;2517;32A;LD;Flight Landed
LH979;DUB;2023-05-29;12:25;2023-05-29;12:41;1;301;DP;Flight Departed;FRA;2023-05-29;15:25;2023-05-29;15:49;1;Z17;LD;Flight Landed;LH;979;32Q;LD;Flight Landed
LX401;DUB;2023-05-29;12:40;2023-05-29;13:12;1;105;DP;Flight Departed;ZRH;2023-05-29;15:55;2023-05-29;16:31;;;LD;Flight Landed;LX;401;223;LD;Flight Landed
EW9395;DUB;2023-05-29;12:45;2023-05-29;12:53;1;;DP;Flight Departed;DUS;2023-05-29;15:35;2023-05-29;15:42;;C31;LD;Flight Landed;EW;9395;31D;LD;Flight Landed
LH981;DUB;2023-05-29;17:30;2023-05-29;17:44;1;304;DP;Flight Departed;FRA;2023-05-29;20:30;2023-05-29;20:50;1;Area A;LD;Flight Landed;LH;981;32M;LD;Flight Landed
CL2519;DUB;2023-05-29;17:45;2023-05-29;17:43;1;303;DP;Flight Departed;MUC;2023-05-29;21:00;2023-05-29;21:01;2;L15;LD;Flight Landed;CL;2519;32N;LD;Flight Landed
LH975;GLA;2023-05-29;06:10;2023-05-29;06:19;M;024;DP;Flight Departed;FRA;2023-05-29;09:10;2023-05-29;09:10;1;B27;LD;Flight Landed;LH;975;32N;LD;Flight Landed
LH961;GLA;2023-05-29;12:45;2023-05-29;12:43;M;029;DP;Flight Departed;FRA;2023-05-29;15:40;2023-05-29;15:37;1;Z15;LD;Flight Landed;LH;961;32N;LD;Flight Landed
4Y501;XRY;2023-05-29;10:40;2023-05-29;11:16;;006;DP;Flight Departed;FRA;2023-05-29;13:40;2023-05-29;14:21;1;BSO;LD;Flight Landed;4Y;501;32A;LD;Flight Landed
