DpAirportCode;DpScheduledDate;DpScheduledTime;DpActualDate;DpActualTime;DpTerminalName;DpTerminalGate;DpStatusCode;DPStatusDescription;ArrAirportCode;ArrScheduledDate;ArrpScheduledTime;ArrActualDate;ArrActualTime;ArrTerminalName;ArrTerminalGate;ArrStatusCode;ArrStatusDescription;AirlineID;FlightNumber;AircraftCode;StatusCode;StatusDescription
XHJ;2023-05-30;07:39;;;;T09;NO;No Status;QKL;2023-05-30;08:16;;;;;NO;No Status;2A;3531;TRN;CD;Flight Cancelled
XHJ;2023-05-30;09:39;2023-05-30;09:58;;T09;DP;Flight Departed;QKL;2023-05-30;10:15;2023-05-30;10:30;;;LD;Flight Landed;2A;3533;TRN;LD;Flight Landed
XHJ;2023-05-30;11:39;2023-05-30;11:56;;T09;DP;Flight Departed;QKL;2023-05-30;12:15;2023-05-30;12:30;;;LD;Flight Landed;2A;3535;TRN;LD;Flight Landed
XHJ;2023-05-30;13:39;2023-05-30;13:44;;T09;DP;Flight Departed;QKL;2023-05-30;14:15;2023-05-30;14:20;;;LD;Flight Landed;2A;3537;TRN;LD;Flight Landed
XHJ;2023-05-30;15:39;2023-05-30;15:44;;T09;DP;Flight Departed;QKL;2023-05-30;16:15;2023-05-30;16:18;;;LD;Flight Landed;2A;3539;TRN;LD;Flight Landed
XHJ;2023-05-30;17:39;;;;T09;NO;No Status;QKL;2023-05-30;18:15;;;;;NO;No Status;2A;3541;TRN;CD;Flight Cancelled
XHJ;2023-05-30;19:39;2023-05-30;19:44;;T09;DP;Flight Departed;QKL;2023-05-30;20:15;2023-05-30;20:15;;;LD;Flight Landed;2A;3543;TRN;LD;Flight Landed
INN;2023-05-30;06:40;2023-05-30;07:00;;;DP;Flight Departed;FRA;2023-05-30;07:45;2023-05-30;08:04;1;BSO;LD;Flight Landed;EN;8057;E95;LD;Flight Landed
INN;2023-05-30;08:25;2023-05-30;08:19;;001;DP;Flight Departed;VIE;2023-05-30;09:25;2023-05-30;09:12;3;ARS;LD;Flight Landed;OS;916;E95;LD;Flight Landed
INN;2023-05-30;10:30;2023-05-30;10:52;;;DP;Flight Departed;FRA;2023-05-30;11:35;2023-05-30;12:02;1;BSO;LD;Flight Landed;EN;8051;E95;LD;Flight Landed
INN;2023-05-30;13:40;2023-05-30;13:18;;;DP;Flight Departed;SUF;2023-05-30;15:20;2023-05-30;15:07;;000;LD;Flight Landed;E6;5608;31D;LD;Flight Landed
INN;2023-05-30;13:50;2023-05-30;13:43;;001;DP;Flight Departed;VIE;2023-05-30;14:50;2023-05-30;14:38;3;F31A;LD;Flight Landed;OS;906;E95;LD;Flight Landed
INN;2023-05-30;15:20;2023-05-30;15:35;;;DP;Flight Departed;RHO;2023-05-30;19:00;2023-05-30;19:13;1;;LD;Flight Landed;E6;5636;31D;LD;Flight Landed
INN;2023-05-30;18:50;2023-05-30;18:47;;001;DP;Flight Departed;VIE;2023-05-30;19:50;2023-05-30;19:45;3;F11A;LD;Flight Landed;OS;902;E95;LD;Flight Landed
RNS;2023-05-30;11:00;2023-05-30;11:09;;00B;DP;Flight Departed;FRA;2023-05-30;12:30;2023-05-30;12:42;1;Area A;LD;Flight Landed;CL;1067;CR9;LD;Flight Landed
SZG;2023-05-30;06:10;2023-05-30;06:12;;001;DP;Flight Departed;FRA;2023-05-30;07:15;2023-05-30;07:20;1;A36;LD;Flight Landed;LH;1109;321;LD;Flight Landed
SZG;2023-05-30;06:25;2023-05-30;06:19;;;DP;Flight Departed;RHO;2023-05-30;09:55;2023-05-30;09:50;1;;LD;Flight Landed;E6;4370;31D;LD;Flight Landed
SZG;2023-05-30;06:45;2023-05-30;06:33;;;DP;Flight Departed;BER;2023-05-30;07:50;2023-05-30;07:33;1;A02;LD;Flight Landed;E6;8343;320;LD;Flight Landed
SZG;2023-05-30;08:15;2023-05-30;08:21;;000;DP;Flight Departed;SUF;2023-05-30;09:55;2023-05-30;09:57;;;LD;Flight Landed;E6;5606;31D;LD;Flight Landed
SZG;2023-05-30;09:00;2023-05-30;08:52;;;DP;Flight Departed;HAM;2023-05-30;10:20;2023-05-30;10:17;1;;LD;Flight Landed;EW;7277;31D;LD;Flight Landed
SZG;2023-05-30;09:05;2023-05-30;09:11;;;DP;Flight Departed;DUS;2023-05-30;10:20;2023-05-30;10:28;;B91;LD;Flight Landed;EW;4334;320;LD;Flight Landed
SZG;2023-05-30;10:20;2023-05-30;10:22;;;DP;Flight Departed;PMI;2023-05-30;12:25;2023-05-30;12:15;;;LD;Flight Landed;E6;4368;320;LD;Flight Landed
SZG;2023-05-30;14:40;2023-05-30;15:05;;006;DP;Flight Departed;FRA;2023-05-30;15:45;2023-05-30;16:05;1;BSO;LD;Flight Landed;LH;1105;320;LD;Flight Landed
SZG;2023-05-30;16:10;2023-05-30;16:59;;;DP;Flight Departed;AOK;2023-05-30;19:45;2023-05-30;19:12;;;LD;Flight Landed;E6;4386;320;LD;Flight Landed
SZG;2023-05-30;18:35;;;;;NO;No Status;FRA;2023-05-30;19:40;;;1;A11;NO;No Status;LH;1107;319;CD;Flight Cancelled
SZG;2023-05-30;19:45;2023-05-30;19:49;;;DP;Flight Departed;DUS;2023-05-30;21:00;2023-05-30;20:57;;B93;LD;Flight Landed;EW;9717;32A;LD;Flight Landed
CTA;2023-05-30;10:45;2023-05-30;10:46;;008;DP;Flight Departed;DUS;2023-05-30;13:35;2023-05-30;13:29;;A49;LD;Flight Landed;EW;9815;31D;LD;Flight Landed
CTA;2023-05-30;11:55;2023-05-30;12:04;;010;DP;Flight Departed;MUC;2023-05-30;14:05;2023-05-30;14:02;2;G48;LD;Flight Landed;LH;1907;32M;LD;Flight Landed
CTA;2023-05-30;14:45;2023-05-30;14:49;;;DP;Flight Departed;BRU;2023-05-30;17:35;2023-05-30;17:32;;;LD;Flight Landed;SN;3132;319;LD;Flight Landed
CTA;2023-05-30;15:45;2023-05-30;15:43;;004;DP;Flight Departed;STR;2023-05-30;18:05;2023-05-30;17:56;1;;LD;Flight Landed;EW;2819;31D;LD;Flight Landed
CTA;2023-05-30;18:40;2023-05-30;18:45;;004;DP;Flight Departed;MUC;2023-05-30;20:50;2023-05-30;20:54;2;K12;LD;Flight Landed;4Y;1909;32A;LD;Flight Landed
CTA;2023-05-30;19:25;2023-05-30;19:19;;008;DP;Flight Departed;STR;2023-05-30;21:45;2023-05-30;21:32;1;;LD;Flight Landed;EW;2817;31D;LD;Flight Landed
CTA;2023-05-30;19:25;2023-05-30;19:48;;007;DP;Flight Departed;HAM;2023-05-30;22:25;2023-05-30;22:36;1;;LD;Flight Landed;EW;7815;32N;LD;Flight Landed
CTA;2023-05-30;19:50;2023-05-30;21:09;;018;DP;Flight Departed;CGN;2023-05-30;22:35;2023-05-30;23:52;1;B30;LD;Flight Landed;QS;817;73H;LD;Flight Landed
NTE;2023-05-30;18:30;2023-05-30;19:04;;075;DP;Flight Departed;FRA;2023-05-30;20:05;2023-05-30;20:41;1;Area A;LD;Flight Landed;CL;1057;CR9;LD;Flight Landed
SKP;2023-05-30;04:25;2023-05-30;04:18;;;DP;Flight Departed;VIE;2023-05-30;06:00;2023-05-30;05:45;3;G36A;LD;Flight Landed;OS;778;320;LD;Flight Landed
SKP;2023-05-30;12:40;2023-05-30;12:43;;;DP;Flight Departed;VIE;2023-05-30;14:15;2023-05-30;14:10;3;G36A;LD;Flight Landed;OS;776;E95;LD;Flight Landed
SKP;2023-05-30;14:55;2023-05-30;15:39;;203;DP;Flight Departed;FRA;2023-05-30;17:35;2023-05-30;18:07;1;Area A;LD;Flight Landed;LH;1541;319;LD;Flight Landed
ZTH;2023-05-30;08:40;2023-05-30;08:48;;;DP;Flight Departed;VIE;2023-05-30;09:50;2023-05-30;09:49;3;F17A;LD;Flight Landed;OS;9066;320;LD;Flight Landed
WRO;2023-05-30;06:10;2023-05-30;06:03;;003;DP;Flight Departed;MUC;2023-05-30;07:20;2023-05-30;07:02;2;T02S;LD;Flight Landed;CL;1635;CR9;LD;Flight Landed
WRO;2023-05-30;06:25;2023-05-30;06:43;;003;DP;Flight Departed;FRA;2023-05-30;07:45;2023-05-30;07:58;1;BSO;LD;Flight Landed;CL;1375;CR9;LD;Flight Landed
WRO;2023-05-30;10:55;2023-05-30;12:05;;003;DP;Flight Departed;FRA;2023-05-30;12:20;2023-05-30;13:24;1;BSO;LD;Flight Landed;EN;8767;E95;LD;Flight Landed
WRO;2023-05-30;13:10;2023-05-30;13:10;;003;DP;Flight Departed;MUC;2023-05-30;14:20;2023-05-30;14:12;2;T02S;LD;Flight Landed;CL;1631;CR9;LD;Flight Landed
WRO;2023-05-30;14:50;2023-05-30;15:26;;003;DP;Flight Departed;FRA;2023-05-30;16:10;2023-05-30;16:48;1;Area A;LD;Flight Landed;CL;1373;CR9;LD;Flight Landed
WRO;2023-05-30;18:45;2023-05-30;18:52;;003;DP;Flight Departed;FRA;2023-05-30;20:05;2023-05-30;20:07;1;BSO;LD;Flight Landed;CL;1355;CR9;LD;Flight Landed
ZWS;2023-05-30;05:01;2023-05-30;05:02;;T10;DP;Flight Departed;FRA;2023-05-30;06:35;2023-05-30;06:41;TN;;LD;Flight Landed;2A;3551;TRN;LD;Flight Landed
ZWS;2023-05-30;05:51;2023-05-30;05:52;;T10;DP;Flight Departed;FRA;2023-05-30;07:06;2023-05-30;07:16;TN;T04;LD;Flight Landed;2A;3401;TRN;LD;Flight Landed
ZWS;2023-05-30;06:36;2023-05-30;06:36;;T05;DP;Flight Departed;FRA;2023-05-30;07:51;2023-05-30;07:55;TN;;LD;Flight Landed;2A;3553;TRN;LD;Flight Landed
ZWS;2023-05-30;07:25;2023-05-30;07:28;;T09;DP;Flight Departed;FRA;2023-05-30;08:35;2023-05-30;08:45;TN;T04;LD;Flight Landed;2A;3403;TRN;LD;Flight Landed
ZWS;2023-05-30;07:51;2023-05-30;07:54;;T10;DP;Flight Departed;FRA;2023-05-30;09:06;2023-05-30;09:15;TN;;LD;Flight Landed;2A;3555;TRN;LD;Flight Landed
ZWS;2023-05-30;08:14;2023-05-30;08:22;;T15;DP;Flight Departed;QUL;2023-05-30;09:10;2023-05-30;09:26;;;LD;Flight Landed;2A;3400;TRN;LD;Flight Landed
ZWS;2023-05-30;08:39;2023-05-30;08:42;;T10;DP;Flight Departed;FRA;2023-05-30;09:51;2023-05-30;10:01;TN;;LD;Flight Landed;2A;3557;TRN;LD;Flight Landed
ZWS;2023-05-30;09:23;2023-05-30;09:27;;T05;DP;Flight Departed;FRA;2023-05-30;10:35;2023-05-30;10:41;TN;;LD;Flight Landed;2A;3405;TRN;LD;Flight Landed
ZWS;2023-05-30;09:28;2023-05-30;09:47;;T16;DP;Flight Departed;QUL;2023-05-30;10:10;2023-05-30;11:15;;;LD;Flight Landed;2A;3402;TRN;LD;Flight Landed
ZWS;2023-05-30;09:51;2023-05-30;10:35;;T09;DP;Flight Departed;FRA;2023-05-30;11:06;2023-05-30;11:51;TN;T04;LD;Flight Landed;2A;3407;TRN;LD;Flight Landed
ZWS;2023-05-30;10:14;2023-05-30;10:30;;T16;DP;Flight Departed;QUL;2023-05-30;11:10;2023-05-30;11:38;;;LD;Flight Landed;2A;3404;TRN;LD;Flight Landed
ZWS;2023-05-30;10:37;;;;T10;NO;No Status;FRA;2023-05-30;11:51;;;TN;;NO;No Status;2A;3559;TRN;CD;Flight Cancelled
ZWS;2023-05-30;11:23;2023-05-30;11:23;;T10;DP;Flight Departed;FRA;2023-05-30;12:35;2023-05-30;12:38;TN;;LD;Flight Landed;2A;3561;TRN;LD;Flight Landed
ZWS;2023-05-30;11:28;2023-05-30;11:36;;T16;DP;Flight Departed;QUL;2023-05-30;12:10;2023-05-30;12:23;;;LD;Flight Landed;2A;3408;TRN;LD;Flight Landed
ZWS;2023-05-30;11:51;2023-05-30;12:03;;T10;DP;Flight Departed;FRA;2023-05-30;13:06;2023-05-30;13:21;TN;T04;LD;Flight Landed;2A;3411;TRN;LD;Flight Landed
ZWS;2023-05-30;12:14;2023-05-30;12:21;;T10;DP;Flight Departed;QUL;2023-05-30;13:10;2023-05-30;13:20;;;LD;Flight Landed;2A;3410;TRN;LD;Flight Landed
ZWS;2023-05-30;12:38;2023-05-30;12:41;;T10;DP;Flight Departed;FRA;2023-05-30;13:51;2023-05-30;13:59;TN;;LD;Flight Landed;2A;3563;TRN;LD;Flight Landed
ZWS;2023-05-30;13:23;2023-05-30;13:25;;T05;DP;Flight Departed;FRA;2023-05-30;14:35;2023-05-30;14:41;TN;;LD;Flight Landed;2A;3565;TRN;LD;Flight Landed
ZWS;2023-05-30;13:28;2023-05-30;13:47;;T16;DP;Flight Departed;QUL;2023-05-30;14:10;2023-05-30;14:32;;;LD;Flight Landed;2A;3552;TRN;LD;Flight Landed
ZWS;2023-05-30;13:51;2023-05-30;13:55;;T09;DP;Flight Departed;FRA;2023-05-30;15:06;2023-05-30;15:11;TN;T04;LD;Flight Landed;2A;3417;TRN;LD;Flight Landed
ZWS;2023-05-30;14:14;2023-05-30;14:22;;T16;DP;Flight Departed;QUL;2023-05-30;15:10;2023-05-30;15:06;;;LD;Flight Landed;2A;3414;TRN;LD;Flight Landed
ZWS;2023-05-30;15:23;2023-05-30;15:25;;T09;DP;Flight Departed;FRA;2023-05-30;16:35;2023-05-30;16:42;TN;;LD;Flight Landed;2A;3567;TRN;LD;Flight Landed
ZWS;2023-05-30;15:51;2023-05-30;15:57;;T10;DP;Flight Departed;FRA;2023-05-30;17:06;2023-05-30;17:12;TN;T04;LD;Flight Landed;2A;3419;TRN;LD;Flight Landed
ZWS;2023-05-30;16:14;2023-05-30;16:36;;T15;DP;Flight Departed;QUL;2023-05-30;17:10;2023-05-30;17:38;;;LD;Flight Landed;2A;3416;TRN;LD;Flight Landed
ZWS;2023-05-30;16:37;2023-05-30;16:40;;T10;DP;Flight Departed;FRA;2023-05-30;17:51;2023-05-30;17:55;TN;;LD;Flight Landed;2A;3421;TRN;LD;Flight Landed
ZWS;2023-05-30;17:23;2023-05-30;17:51;;T09;DP;Flight Departed;FRA;2023-05-30;18:35;2023-05-30;19:02;TN;;LD;Flight Landed;2A;3423;TRN;LD;Flight Landed
ZWS;2023-05-30;17:28;2023-05-30;17:30;;T16;DP;Flight Departed;QUL;2023-05-30;18:10;2023-05-30;18:18;;;LD;Flight Landed;2A;3558;TRN;LD;Flight Landed
ZWS;2023-05-30;17:51;2023-05-30;17:55;;T10;DP;Flight Departed;FRA;2023-05-30;19:06;2023-05-30;19:12;TN;T04;LD;Flight Landed;2A;3425;TRN;LD;Flight Landed
ZWS;2023-05-30;18:14;2023-05-30;18:19;;T16;DP;Flight Departed;QUL;2023-05-30;19:10;2023-05-30;19:22;;;LD;Flight Landed;2A;3420;TRN;LD;Flight Landed
ZWS;2023-05-30;18:38;2023-05-30;19:29;;T10;DP;Flight Departed;FRA;2023-05-30;19:51;2023-05-30;20:42;TN;T04;LD;Flight Landed;2A;3427;TRN;LD;Flight Landed
ZWS;2023-05-30;19:28;;;;T15;NO;No Status;QUL;2023-05-30;20:10;;;;;NO;No Status;2A;3560;TRN;CD;Flight Cancelled
ZWS;2023-05-30;19:51;2023-05-30;19:56;;T09;DP;Flight Departed;FRA;2023-05-30;21:06;2023-05-30;21:10;TN;;LD;Flight Landed;2A;3429;TRN;LD;Flight Landed
ZWS;2023-05-30;20:14;2023-05-30;20:22;;T16;DP;Flight Departed;QUL;2023-05-30;21:10;2023-05-30;21:25;;;LD;Flight Landed;2A;3424;TRN;LD;Flight Landed
ZWS;2023-05-30;21:28;2023-05-30;21:27;;T16;DP;Flight Departed;QUL;2023-05-30;22:10;2023-05-30;22:11;;;LD;Flight Landed;2A;3562;TRN;LD;Flight Landed
ZWS;2023-05-30;22:14;2023-05-30;22:52;;T16;DP;Flight Departed;QUL;2023-05-30;23:10;2023-05-30;23:37;;;LD;Flight Landed;2A;3428;TRN;LD;Flight Landed
TLL;2023-05-30;06:00;2023-05-30;06:12;;006;DP;Flight Departed;FRA;2023-05-30;07:30;2023-05-30;07:30;1;BSO;LD;Flight Landed;LH;885;32N;LD;Flight Landed
TLL;2023-05-30;13:50;2023-05-30;15:17;;006;DP;Flight Departed;FRA;2023-05-30;15:20;2023-05-30;16:33;1;BSO;LD;Flight Landed;LH;881;32N;LD;Flight Landed
TLL;2023-05-30;18:25;2023-05-30;18:57;;006;DP;Flight Departed;FRA;2023-05-30;19:55;2023-05-30;20:16;1;BSO;LD;Flight Landed;LH;883;32N;LD;Flight Landed
LEJ;2023-05-30;06:05;2023-05-30;05:59;;024;DP;Flight Departed;FRA;2023-05-30;07:05;2023-05-30;07:00;1;Area A;LD;Flight Landed;CL;157;E90;LD;Flight Landed
LEJ;2023-05-30;08:00;2023-05-30;07:48;;025;DP;Flight Departed;VIE;2023-05-30;09:10;2023-05-30;08:56;3;F22A;LD;Flight Landed;OS;252;E95;LD;Flight Landed
LEJ;2023-05-30;08:30;2023-05-30;08:52;;024;DP;Flight Departed;FRA;2023-05-30;09:30;2023-05-30;10:09;1;Area A;LD;Flight Landed;LH;159;319;LD;Flight Landed
LEJ;2023-05-30;10:25;2023-05-30;10:21;;004;DP;Flight Departed;FRA;2023-05-30;11:25;2023-05-30;11:42;1;Area A;LD;Flight Landed;CL;161;CR9;LD;Flight Landed
LEJ;2023-05-30;10:45;2023-05-30;11:00;;025;DP;Flight Departed;PMI;2023-05-30;13:20;2023-05-30;13:17;;;LD;Flight Landed;E6;6801;32A;LD;Flight Landed
LEJ;2023-05-30;12:30;2023-05-30;13:23;;024;DP;Flight Departed;MUC;2023-05-30;13:30;2023-05-30;14:31;2;K10;LD;Flight Landed;CL;2167;31K;LD;Flight Landed
LEJ;2023-05-30;15:15;2023-05-30;16:51;;014;DP;Flight Departed;FRA;2023-05-30;16:15;2023-05-30;17:58;1;Area A;LD;Flight Landed;CL;163;E90;LD;Flight Landed
LEJ;2023-05-30;16:30;2023-05-30;16:57;;004;DP;Flight Departed;MUC;2023-05-30;17:30;2023-05-30;17:52;2;T02S;LD;Flight Landed;CL;2169;CR9;LD;Flight Landed
LEJ;2023-05-30;19:55;2023-05-30;19:54;;024;DP;Flight Departed;VIE;2023-05-30;21:05;2023-05-30;20:58;3;F11A;LD;Flight Landed;OS;254;E95;LD;Flight Landed
LJU;2023-05-30;07:05;2023-05-30;07:49;;0A1;DP;Flight Departed;FRA;2023-05-30;08:35;2023-05-30;09:20;1;Area A;LD;Flight Landed;CL;1461;CR9;LD;Flight Landed
LJU;2023-05-30;11:00;2023-05-30;11:49;;0A3;DP;Flight Departed;FRA;2023-05-30;12:25;2023-05-30;13:11;1;Area A;LD;Flight Landed;CL;1459;E90;LD;Flight Landed
LJU;2023-05-30;13:10;2023-05-30;13:17;;0A2;DP;Flight Departed;MUC;2023-05-30;14:05;2023-05-30;14:18;2;T02S;LD;Flight Landed;CL;1697;CR9;LD;Flight Landed
LJU;2023-05-30;14:00;2023-05-30;14:55;;0A1;DP;Flight Departed;FRA;2023-05-30;15:25;2023-05-30;16:18;1;Area A;LD;Flight Landed;CL;1463;CR9;LD;Flight Landed
LJU;2023-05-30;14:50;2023-05-30;15:44;;;DP;Flight Departed;ZRH;2023-05-30;16:05;2023-05-30;16:46;;;LD;Flight Landed;2L;2277;295;LD;Flight Landed
LJU;2023-05-30;16:40;2023-05-30;16:39;;;DP;Flight Departed;BRU;2023-05-30;18:25;2023-05-30;18:19;;;LD;Flight Landed;SN;3344;319;LD;Flight Landed
SCN;2023-05-30;17:35;2023-05-30;17:50;;;DP;Flight Departed;PMI;2023-05-30;19:30;2023-05-30;19:32;;;LD;Flight Landed;E6;6819;32A;LD;Flight Landed
DBV;2023-05-30;12:55;2023-05-30;12:58;;;DP;Flight Departed;VIE;2023-05-30;14:20;2023-05-30;14:15;3;F08A;LD;Flight Landed;OS;732;321;LD;Flight Landed
DBV;2023-05-30;15:45;2023-05-30;17:40;;;DP;Flight Departed;DUS;2023-05-30;18:00;2023-05-30;19:52;;B91;LD;Flight Landed;EW;9953;31D;LD;Flight Landed
DBV;2023-05-30;16:45;2023-05-30;16:45;;;DP;Flight Departed;MUC;2023-05-30;18:20;2023-05-30;18:26;2;K05;LD;Flight Landed;LH;1711;32N;LD;Flight Landed
DBV;2023-05-30;18:55;2023-05-30;20:07;;;DP;Flight Departed;FRA;2023-05-30;20:55;2023-05-30;21:59;1;BSO;LD;Flight Landed;4Y;901;32A;LD;Flight Landed
KJR;2023-05-30;07:00;2023-05-30;07:01;;T03;DP;Flight Departed;MHJ;2023-05-30;07:24;2023-05-30;07:24;;;LD;Flight Landed;2A;3433;TRN;LD;Flight Landed
KJR;2023-05-30;09:00;2023-05-30;09:00;;T02;DP;Flight Departed;QFB;2023-05-30;10:04;2023-05-30;10:06;;;LD;Flight Landed;2A;3430;TRN;LD;Flight Landed
KJR;2023-05-30;09:00;2023-05-30;09:01;;T03;DP;Flight Departed;MHJ;2023-05-30;09:24;2023-05-30;09:27;;;LD;Flight Landed;2A;3437;TRN;LD;Flight Landed
KJR;2023-05-30;11:00;2023-05-30;11:04;;T02;DP;Flight Departed;QFB;2023-05-30;12:01;2023-05-30;12:18;;;LD;Flight Landed;2A;3432;TRN;LD;Flight Landed
KJR;2023-05-30;11:00;2023-05-30;11:14;;T03;DP;Flight Departed;MHJ;2023-05-30;11:24;2023-05-30;11:37;;;LD;Flight Landed;2A;3441;TRN;LD;Flight Landed
KJR;2023-05-30;13:00;2023-05-30;13:11;;T02;DP;Flight Departed;QFB;2023-05-30;14:01;2023-05-30;14:10;;;LD;Flight Landed;2A;3434;TRN;LD;Flight Landed
KJR;2023-05-30;13:00;2023-05-30;13:00;;T03;DP;Flight Departed;MHJ;2023-05-30;13:24;2023-05-30;13:24;;;LD;Flight Landed;2A;3445;TRN;LD;Flight Landed
KJR;2023-05-30;15:00;2023-05-30;15:30;;T02;DP;Flight Departed;QFB;2023-05-30;16:01;2023-05-30;16:32;;;LD;Flight Landed;2A;3442;TRN;LD;Flight Landed
KJR;2023-05-30;15:00;2023-05-30;15:03;;T03;DP;Flight Departed;MHJ;2023-05-30;15:24;2023-05-30;15:26;;;LD;Flight Landed;2A;3449;TRN;LD;Flight Landed
KJR;2023-05-30;17:00;2023-05-30;17:03;;;DP;Flight Departed;MHJ;2023-05-30;17:24;2023-05-30;17:25;;;LD;Flight Landed;2A;3453;TRN;LD;Flight Landed
KJR;2023-05-30;19:00;2023-05-30;19:37;;T02;DP;Flight Departed;QFB;2023-05-30;20:01;2023-05-30;20:41;;;LD;Flight Landed;2A;3450;TRN;LD;Flight Landed
KJR;2023-05-30;19:00;2023-05-30;19:06;;T03;DP;Flight Departed;MHJ;2023-05-30;19:24;2023-05-30;19:26;;;LD;Flight Landed;2A;3457;TRN;LD;Flight Landed
KJR;2023-05-30;21:03;;;;T02;NO;No Status;QFB;2023-05-30;22:07;;;;;NO;No Status;2A;3454;TRN;CD;Flight Cancelled
KJR;2023-05-30;23:13;2023-05-31;00:16;;T01;DP;Flight Departed;QFB;2023-05-31;00:16;2023-05-31;01:28;;;LD;Flight Landed;2A;3458;TRN;LD;Flight Landed
WAW;2023-05-30;06:00;2023-05-30;06:02;;027;DP;Flight Departed;MUC;2023-05-30;07:30;2023-05-30;07:27;2;T02S;LD;Flight Landed;WX;1617;CR9;LD;Flight Landed
WAW;2023-05-30;06:25;2023-05-30;06:52;;026;DP;Flight Departed;FRA;2023-05-30;08:15;2023-05-30;08:31;1;A40;LD;Flight Landed;LH;1353;32A;LD;Flight Landed
WAW;2023-05-30;06:50;2023-05-30;06:41;;030;DP;Flight Departed;VIE;2023-05-30;08:05;2023-05-30;07:49;3;ARS;LD;Flight Landed;OS;628;E95;LD;Flight Landed
WAW;2023-05-30;08:25;2023-05-30;08:20;;030;DP;Flight Departed;VIE;2023-05-30;09:40;2023-05-30;09:25;3;ARS;LD;Flight Landed;OS;626;E95;LD;Flight Landed
WAW;2023-05-30;09:10;2023-05-30;09:07;;029;DP;Flight Departed;MUC;2023-05-30;10:40;2023-05-30;10:23;2;T02S;LD;Flight Landed;CL;1611;CR9;LD;Flight Landed
WAW;2023-05-30;09:35;2023-05-30;09:38;;032;DP;Flight Departed;ZRH;2023-05-30;11:35;2023-05-30;11:36;;;LD;Flight Landed;BT;1343;223;LD;Flight Landed
WAW;2023-05-30;09:50;2023-05-30;09:54;;026;DP;Flight Departed;FRA;2023-05-30;11:35;2023-05-30;11:50;1;A18;LD;Flight Landed;LH;1347;32A;LD;Flight Landed
WAW;2023-05-30;13:10;2023-05-30;15:35;;031;DP;Flight Departed;MUC;2023-05-30;14:40;2023-05-30;16:56;2;T02S;LD;Flight Landed;WX;1613;CRK;LD;Flight Landed
WAW;2023-05-30;14:25;2023-05-30;14:57;;026;DP;Flight Departed;FRA;2023-05-30;16:10;2023-05-30;16:32;1;A58;LD;Flight Landed;LH;1349;320;LD;Flight Landed
WAW;2023-05-30;15:05;2023-05-30;15:02;;032;DP;Flight Departed;VIE;2023-05-30;16:20;2023-05-30;16:10;3;ARS;LD;Flight Landed;OS;624;E95;LD;Flight Landed
WAW;2023-05-30;19:10;2023-05-30;19:36;;039;DP;Flight Departed;FRA;2023-05-30;20:55;2023-05-30;21:10;1;BSO;LD;Flight Landed;LH;1351;32A;LD;Flight Landed
WAW;2023-05-30;19:40;2023-05-30;19:36;;044;DP;Flight Departed;VIE;2023-05-30;20:55;2023-05-30;20:46;3;F04A;LD;Flight Landed;OS;632;E95;LD;Flight Landed
WAW;2023-05-30;19:50;2023-05-30;20:05;;023;DP;Flight Departed;ZRH;2023-05-30;21:50;2023-05-30;21:40;;;LD;Flight Landed;2L;1353;E90;LD;Flight Landed
BRI;2023-05-30;13:05;2023-05-30;13:19;;;DP;Flight Departed;MUC;2023-05-30;14:45;2023-05-30;15:00;2;T02S;LD;Flight Landed;EN;8219;E95;LD;Flight Landed
BRI;2023-05-30;16:00;2023-05-30;16:52;;;DP;Flight Departed;FRA;2023-05-30;18:05;2023-05-30;18:54;;B47A;LD;Flight Landed;LH;1424;32M;DV;Flight Diverted
BRI;2023-05-30;16:20;2023-05-30;16:50;;;DP;Flight Departed;TIA;2023-05-30;17:00;2023-05-30;17:40;;;LD;Flight Landed;BT;1442;223;DV;Flight Diverted
BRI;2023-05-30;18:10;2023-05-30;18:15;;;DP;Flight Departed;MUC;2023-05-30;19:50;2023-05-30;19:53;2;T02S;LD;Flight Landed;EN;8221;E95;LD;Flight Landed
BRI;2023-05-30;19:25;2023-05-30;20:55;;A01;DP;Flight Departed;DUS;2023-05-30;21:45;2023-05-30;23:08;;A49;LD;Flight Landed;EW;9873;31D;LD;Flight Landed
GOT;2023-05-30;06:00;2023-05-30;05:53;;;DP;Flight Departed;MUC;2023-05-30;07:50;2023-05-30;07:39;2;T02S;LD;Flight Landed;LH;2433;32A;LD;Flight Landed
GOT;2023-05-30;06:10;2023-05-30;06:28;;;DP;Flight Departed;FRA;2023-05-30;07:55;2023-05-30;08:04;1;Area A;LD;Flight Landed;LH;821;32N;LD;Flight Landed
GOT;2023-05-30;06:45;2023-05-30;06:43;;;DP;Flight Departed;ZRH;2023-05-30;08:45;2023-05-30;08:29;;;LD;Flight Landed;BT;1229;223;LD;Flight Landed
GOT;2023-05-30;07:00;2023-05-30;07:02;;;DP;Flight Departed;BRU;2023-05-30;08:40;2023-05-30;08:42;;;LD;Flight Landed;SN;2324;319;LD;Flight Landed
GOT;2023-05-30;09:20;2023-05-30;10:34;;;DP;Flight Departed;DUS;2023-05-30;10:55;2023-05-30;12:02;;A65;LD;Flight Landed;X8;9221;320;LD;Flight Landed
GOT;2023-05-30;10:10;2023-05-30;10:13;;;DP;Flight Departed;FRA;2023-05-30;11:55;2023-05-30;12:07;1;B10;LD;Flight Landed;LH;813;320;LD;Flight Landed
GOT;2023-05-30;11:50;2023-05-30;12:31;;;DP;Flight Departed;FRA;2023-05-30;13:35;2023-05-30;14:17;1;A38;LD;Flight Landed;LH;811;32N;LD;Flight Landed
GOT;2023-05-30;12:00;2023-05-30;12:01;;;DP;Flight Departed;MUC;2023-05-30;13:50;2023-05-30;13:47;2;G34;LD;Flight Landed;LH;2429;32A;LD;Flight Landed
GOT;2023-05-30;14:50;2023-05-30;15:23;;;DP;Flight Departed;ZRH;2023-05-30;16:50;2023-05-30;17:18;;;LD;Flight Landed;BT;1223;223;LD;Flight Landed
GOT;2023-05-30;14:55;2023-05-30;15:45;;;DP;Flight Departed;FRA;2023-05-30;16:40;2023-05-30;17:28;1;Area A;LD;Flight Landed;LH;817;32A;LD;Flight Landed
GOT;2023-05-30;18:20;2023-05-30;18:23;;;DP;Flight Departed;BRU;2023-05-30;20:00;2023-05-30;19:50;;;LD;Flight Landed;SN;2318;319;LD;Flight Landed
GOT;2023-05-30;19:10;2023-05-30;20:00;;;DP;Flight Departed;FRA;2023-05-30;20:55;2023-05-30;21:38;1;A14;LD;Flight Landed;LH;819;320;LD;Flight Landed
GOT;2023-05-30;19:55;2023-05-30;19:47;;;DP;Flight Departed;DUS;2023-05-30;21:30;2023-05-30;21:14;;A63;LD;Flight Landed;EW;9225;31D;LD;Flight Landed
SKG;2023-05-30;10:35;2023-05-30;10:19;;;DP;Flight Departed;CGN;2023-05-30;12:20;2023-05-30;11:51;1;C20;LD;Flight Landed;EW;657;32A;LD;Flight Landed
SKG;2023-05-30;10:35;2023-05-30;10:31;;;DP;Flight Departed;HAM;2023-05-30;12:25;2023-05-30;12:12;1;;LD;Flight Landed;EW;7659;32A;LD;Flight Landed
SKG;2023-05-30;13:55;2023-05-30;13:58;;009;DP;Flight Departed;VIE;2023-05-30;14:40;2023-05-30;14:46;3;F17A;LD;Flight Landed;OS;810;320;LD;Flight Landed
SKG;2023-05-30;14:05;2023-05-30;14:16;;;DP;Flight Departed;STR;2023-05-30;15:35;2023-05-30;15:37;1;;LD;Flight Landed;EW;2683;31D;LD;Flight Landed
SKG;2023-05-30;15:35;2023-05-30;15:52;;010;DP;Flight Departed;MUC;2023-05-30;16:45;2023-05-30;16:57;2;G14;LD;Flight Landed;LH;1775;32V;LD;Flight Landed
SKG;2023-05-30;16:00;2023-05-30;16:38;;;DP;Flight Departed;ZRH;2023-05-30;17:25;2023-05-30;17:53;;;LD;Flight Landed;BT;1853;223;LD;Flight Landed
SKG;2023-05-30;18:30;2023-05-30;18:52;;004;DP;Flight Departed;FRA;2023-05-30;20:10;2023-05-30;20:15;1;Area A;LD;Flight Landed;LH;1557;321;LD;Flight Landed
SKG;2023-05-30;19:55;2023-05-30;20:03;;;DP;Flight Departed;DUS;2023-05-30;21:45;2023-05-30;21:46;;B35B;LD;Flight Landed;EW;9655;31B;LD;Flight Landed
RHO;2023-05-30;09:25;2023-05-30;09:19;1;;DP;Flight Departed;CGN;2023-05-30;12:00;2023-05-30;11:44;1;C30;LD;Flight Landed;EW;635;32A;LD;Flight Landed
RHO;2023-05-30;10:40;2023-05-30;10:23;1;;DP;Flight Departed;INN;2023-05-30;12:30;2023-05-30;12:13;;;LD;Flight Landed;E6;5637;31D;LD;Flight Landed
RHO;2023-05-30;11:25;2023-05-30;12:18;1;;DP;Flight Departed;HAM;2023-05-30;14:05;2023-05-30;14:46;1;;LD;Flight Landed;EW;7645;32N;LD;Flight Landed
RHO;2023-05-30;11:30;2023-05-30;11:37;;;DP;Flight Departed;BRU;2023-05-30;14:25;2023-05-30;14:20;;;LD;Flight Landed;SN;3234;320;LD;Flight Landed
RHO;2023-05-30;18:55;2023-05-30;19:04;1;;DP;Flight Departed;DUS;2023-05-30;21:35;2023-05-30;21:36;;B91;LD;Flight Landed;EW;9631;320;LD;Flight Landed
RHO;2023-05-30;19:45;2023-05-30;19:58;1;;DP;Flight Departed;SZG;2023-05-30;21:35;2023-05-30;21:35;;;LD;Flight Landed;E6;4371;31D;LD;Flight Landed
RHO;2023-05-30;19:50;2023-05-30;19:36;1;;DP;Flight Departed;BER;2023-05-30;22:05;2023-05-30;21:42;1;S01;LD;Flight Landed;EW;5305;320;LD;Flight Landed
RHO;2023-05-30;20:40;2023-05-30;20:59;1;;DP;Flight Departed;STR;2023-05-30;23:00;2023-05-30;23:11;1;;LD;Flight Landed;EW;2695;32A;LD;Flight Landed
SVQ;2023-05-30;13:15;2023-05-30;13:26;;B14;DP;Flight Departed;FRA;2023-05-30;16:10;2023-05-30;16:25;1;A38;LD;Flight Landed;LH;1141;32Q;LD;Flight Landed
SVQ;2023-05-30;13:30;2023-05-30;13:35;;B11;DP;Flight Departed;MUC;2023-05-30;16:20;2023-05-30;16:36;2;K07;LD;Flight Landed;LH;1823;32Q;LD;Flight Landed
KVA;2023-05-30;16:20;2023-05-30;16:15;;;DP;Flight Departed;STR;2023-05-30;17:55;2023-05-30;17:41;1;;LD;Flight Landed;EW;2689;31D;LD;Flight Landed
DTZ;2023-05-30;05:36;2023-05-30;05:39;;T18;DP;Flight Departed;QKL;2023-05-30;06:49;2023-05-30;06:56;;;LD;Flight Landed;2A;3603;TRN;LD;Flight Landed
DTZ;2023-05-30;06:36;2023-05-30;06:44;;T20;DP;Flight Departed;QDU;2023-05-30;07:22;2023-05-30;07:29;;;LD;Flight Landed;2A;3605;TRN;LD;Flight Landed
DTZ;2023-05-30;08:36;2023-05-30;08:47;;T20;DP;Flight Departed;QKL;2023-05-30;09:49;2023-05-30;09:58;;;LD;Flight Landed;2A;3609;TRN;LD;Flight Landed
DTZ;2023-05-30;10:36;2023-05-30;10:42;;T20;DP;Flight Departed;QKL;2023-05-30;11:46;2023-05-30;11:55;;;LD;Flight Landed;2A;3611;TRN;LD;Flight Landed
DTZ;2023-05-30;11:36;2023-05-30;11:44;;T16;DP;Flight Departed;QDU;2023-05-30;12:21;2023-05-30;12:33;;;LD;Flight Landed;2A;3615;TRN;LD;Flight Landed
DTZ;2023-05-30;12:36;2023-05-30;12:43;;T20;DP;Flight Departed;QDU;2023-05-30;13:22;2023-05-30;13:36;;;LD;Flight Landed;2A;3617;TRN;LD;Flight Landed
DTZ;2023-05-30;14:36;2023-05-30;14:39;;T20;DP;Flight Departed;QKL;2023-05-30;15:46;2023-05-30;15:53;;;LD;Flight Landed;2A;3621;TRN;LD;Flight Landed
DTZ;2023-05-30;15:36;2023-05-30;15:45;;T16;DP;Flight Departed;QDU;2023-05-30;16:21;2023-05-30;16:31;;;LD;Flight Landed;2A;3623;TRN;LD;Flight Landed
DTZ;2023-05-30;16:36;2023-05-30;16:48;;T20;DP;Flight Departed;QKL;2023-05-30;17:46;2023-05-30;18:06;;;LD;Flight Landed;2A;3625;TRN;LD;Flight Landed
DTZ;2023-05-30;18:36;2023-05-30;18:56;;T20;DP;Flight Departed;QKL;2023-05-30;19:47;2023-05-30;20:09;;;LD;Flight Landed;2A;3629;TRN;LD;Flight Landed
QDU;2023-05-30;04:54;2023-05-30;04:55;;T16;DP;Flight Departed;FRA;2023-05-30;06:34;2023-05-30;06:32;TN;;LD;Flight Landed;2A;3497;TRN;LD;Flight Landed
QDU;2023-05-30;06:17;2023-05-30;06:17;;T16;DP;Flight Departed;FRA;2023-05-30;07:33;2023-05-30;07:31;TN;T04;LD;Flight Landed;2A;3501;TRN;LD;Flight Landed
QDU;2023-05-30;07:18;2023-05-30;07:18;;T15;DP;Flight Departed;FRA;2023-05-30;08:33;2023-05-30;08:32;TN;T04;LD;Flight Landed;2A;3503;TRN;LD;Flight Landed
QDU;2023-05-30;07:24;2023-05-30;07:31;;T16;DP;Flight Departed;QKL;2023-05-30;07:49;2023-05-30;07:57;;;LD;Flight Landed;2A;3605;TRN;LD;Flight Landed
QDU;2023-05-30;08:18;2023-05-30;08:19;;T16;DP;Flight Departed;FRA;2023-05-30;09:33;2023-05-30;09:33;TN;T04;LD;Flight Landed;2A;3505;TRN;LD;Flight Landed
QDU;2023-05-30;08:34;2023-05-30;08:46;;T17;DP;Flight Departed;DTZ;2023-05-30;09:21;2023-05-30;09:34;;;LD;Flight Landed;2A;3600;TRN;LD;Flight Landed
QDU;2023-05-30;09:10;2023-05-30;09:13;;T15;DP;Flight Departed;FRA;2023-05-30;10:33;2023-05-30;10:31;TN;T04;LD;Flight Landed;2A;3507;TRN;LD;Flight Landed
QDU;2023-05-30;10:10;2023-05-30;10:11;;T16;DP;Flight Departed;FRA;2023-05-30;11:33;2023-05-30;11:34;TN;;LD;Flight Landed;2A;3509;TRN;LD;Flight Landed
QDU;2023-05-30;11:18;2023-05-30;11:35;;T16;DP;Flight Departed;FRA;2023-05-30;12:33;2023-05-30;12:44;TN;T04;LD;Flight Landed;2A;3511;TRN;LD;Flight Landed
QDU;2023-05-30;11:34;2023-05-30;11:47;;T17;DP;Flight Departed;DTZ;2023-05-30;12:21;2023-05-30;12:31;;;LD;Flight Landed;2A;3608;TRN;LD;Flight Landed
QDU;2023-05-30;12:17;2023-05-30;12:21;;T15;DP;Flight Departed;FRA;2023-05-30;13:33;2023-05-30;13:44;TN;;LD;Flight Landed;2A;3513;TRN;LD;Flight Landed
QDU;2023-05-30;12:23;2023-05-30;12:48;;T16;DP;Flight Departed;QKL;2023-05-30;12:49;2023-05-30;13:27;;;LD;Flight Landed;2A;3615;TRN;LD;Flight Landed
QDU;2023-05-30;13:18;2023-05-30;13:18;;T15;DP;Flight Departed;FRA;2023-05-30;14:33;2023-05-30;14:32;TN;T04;LD;Flight Landed;2A;3515;TRN;LD;Flight Landed
QDU;2023-05-30;13:24;2023-05-30;13:39;;T16;DP;Flight Departed;QKL;2023-05-30;13:49;2023-05-30;14:04;;;LD;Flight Landed;2A;3617;TRN;LD;Flight Landed
QDU;2023-05-30;13:34;2023-05-30;14:12;;T17;DP;Flight Departed;DTZ;2023-05-30;14:21;2023-05-30;14:54;;;LD;Flight Landed;2A;3612;TRN;LD;Flight Landed
QDU;2023-05-30;14:18;2023-05-30;14:20;;T16;DP;Flight Departed;FRA;2023-05-30;15:33;2023-05-30;15:30;TN;T04;LD;Flight Landed;2A;3517;TRN;LD;Flight Landed
QDU;2023-05-30;14:23;2023-05-30;14:45;;T15;DP;Flight Departed;QKL;2023-05-30;14:49;2023-05-30;15:10;;;LD;Flight Landed;2A;3619;TRN;LD;Flight Landed
QDU;2023-05-30;15:18;2023-05-30;15:21;;T16;DP;Flight Departed;FRA;2023-05-30;16:33;2023-05-30;16:34;TN;;LD;Flight Landed;2A;3519;TRN;LD;Flight Landed
QDU;2023-05-30;15:34;2023-05-30;15:41;;T17;DP;Flight Departed;DTZ;2023-05-30;16:21;2023-05-30;16:41;;;LD;Flight Landed;2A;3616;TRN;LD;Flight Landed
QDU;2023-05-30;16:18;2023-05-30;16:24;;T15;DP;Flight Departed;FRA;2023-05-30;17:33;2023-05-30;17:33;TN;;LD;Flight Landed;2A;3521;TRN;LD;Flight Landed
QDU;2023-05-30;16:23;2023-05-30;16:35;;T16;DP;Flight Departed;QKL;2023-05-30;16:49;2023-05-30;17:01;;;LD;Flight Landed;2A;3623;TRN;LD;Flight Landed
QDU;2023-05-30;16:34;2023-05-30;16:46;;;DP;Flight Departed;DTZ;2023-05-30;17:21;2023-05-30;17:43;;;LD;Flight Landed;2A;3618;TRN;LD;Flight Landed
QDU;2023-05-30;17:18;2023-05-30;17:43;;T15;DP;Flight Departed;FRA;2023-05-30;18:33;2023-05-30;19:06;TN;;LD;Flight Landed;2A;3523;TRN;LD;Flight Landed
QDU;2023-05-30;18:18;2023-05-30;18:25;;T16;DP;Flight Departed;FRA;2023-05-30;19:33;2023-05-30;19:34;TN;T04;LD;Flight Landed;2A;3525;TRN;LD;Flight Landed
QDU;2023-05-30;19:05;2023-05-30;19:09;;T16;DP;Flight Departed;FRA;2023-05-30;20:34;2023-05-30;20:34;TN;T04;LD;Flight Landed;2A;3527;TRN;LD;Flight Landed
AOI;2023-05-30;13:40;2023-05-30;13:40;;003;DP;Flight Departed;MUC;2023-05-30;14:55;2023-05-30;14:58;2;T02S;LD;Flight Landed;CL;1897;CR9;LD;Flight Landed
MLA;2023-05-30;06:20;2023-05-30;06:49;;005;DP;Flight Departed;FRA;2023-05-30;09:00;2023-05-30;09:34;1;Area A;LD;Flight Landed;LH;1313;32N;LD;Flight Landed
MLA;2023-05-30;12:35;2023-05-30;12:49;;005;DP;Flight Departed;FRA;2023-05-30;15:15;2023-05-30;15:20;1;Area A;LD;Flight Landed;LH;1277;32Q;LD;Flight Landed
CPH;2023-05-30;06:10;2023-05-30;06:06;2;A17;DP;Flight Departed;MUC;2023-05-30;07:45;2023-05-30;07:36;2;K06;LD;Flight Landed;LH;2447;32A;LD;Flight Landed
CPH;2023-05-30;06:35;2023-05-30;06:49;2;A14;DP;Flight Departed;FRA;2023-05-30;08:05;2023-05-30;08:36;1;Area A;LD;Flight Landed;LH;833;319;LD;Flight Landed
CPH;2023-05-30;06:55;2023-05-30;07:16;2;;DP;Flight Departed;BRU;2023-05-30;08:30;2023-05-30;08:29;;;LD;Flight Landed;SN;2268;320;LD;Flight Landed
CPH;2023-05-30;07:10;2023-05-30;07:09;2;A12;DP;Flight Departed;VIE;2023-05-30;08:45;2023-05-30;08:52;3;F12A;LD;Flight Landed;OS;308;321;LD;Flight Landed
CPH;2023-05-30;08:10;2023-05-30;08:24;2;;DP;Flight Departed;PRG;2023-05-30;09:30;2023-05-30;09:35;2;;LD;Flight Landed;E6;4211;320;LD;Flight Landed
CPH;2023-05-30;08:25;2023-05-30;08:38;2;;DP;Flight Departed;BER;2023-05-30;09:25;2023-05-30;09:35;1;A34;LD;Flight Landed;EW;8227;32A;LD;Flight Landed
CPH;2023-05-30;08:50;2023-05-30;08:54;2;A04;DP;Flight Departed;MUC;2023-05-30;10:25;2023-05-30;10:27;2;T02S;LD;Flight Landed;LH;2439;319;LD;Flight Landed
CPH;2023-05-30;09:35;2023-05-30;09:54;2;;DP;Flight Departed;DUS;2023-05-30;10:55;2023-05-30;11:15;;A63;LD;Flight Landed;E6;9243;31D;LD;Flight Landed
CPH;2023-05-30;09:35;2023-05-30;10:15;2;;DP;Flight Departed;ZRH;2023-05-30;11:25;2023-05-30;11:57;;;LD;Flight Landed;LX;1267;223;LD;Flight Landed
CPH;2023-05-30;09:50;2023-05-30;09:51;2;A15;DP;Flight Departed;FRA;2023-05-30;11:20;2023-05-30;11:33;1;A40;LD;Flight Landed;LH;825;320;LD;Flight Landed
CPH;2023-05-30;09:50;2023-05-30;10:04;2;;DP;Flight Departed;VIE;2023-05-30;11:30;2023-05-30;11:35;3;F31A;LD;Flight Landed;OS;302;320;LD;Flight Landed
CPH;2023-05-30;11:55;2023-05-30;13:08;2;A12;DP;Flight Departed;FRA;2023-05-30;13:25;2023-05-30;14:39;1;A56;LD;Flight Landed;LH;827;32A;LD;Flight Landed
CPH;2023-05-30;11:55;2023-05-30;12:49;2;;DP;Flight Departed;BRU;2023-05-30;13:25;2023-05-30;14:02;;;LD;Flight Landed;SN;2258;319;LD;Flight Landed
CPH;2023-05-30;12:50;2023-05-30;13:01;2;A15;DP;Flight Departed;MUC;2023-05-30;14:25;2023-05-30;14:43;2;K01;LD;Flight Landed;LH;2441;32A;LD;Flight Landed
CPH;2023-05-30;14:50;2023-05-30;15:33;2;;DP;Flight Departed;ZRH;2023-05-30;16:35;2023-05-30;17:06;;;LD;Flight Landed;LX;1271;223;LD;Flight Landed
CPH;2023-05-30;17:40;2023-05-30;17:47;2;;DP;Flight Departed;VIE;2023-05-30;19:20;2023-05-30;19:24;3;F12A;LD;Flight Landed;OS;304;321;LD;Flight Landed
CPH;2023-05-30;18:10;2023-05-30;18:28;2;;DP;Flight Departed;BRU;2023-05-30;19:40;2023-05-30;19:44;;;LD;Flight Landed;SN;2260;320;LD;Flight Landed
CPH;2023-05-30;19:10;2023-05-30;19:57;2;A17;DP;Flight Departed;FRA;2023-05-30;20:40;2023-05-30;21:31;1;Area A;LD;Flight Landed;LH;831;320;LD;Flight Landed
CPH;2023-05-30;19:30;2023-05-30;19:59;2;A15;DP;Flight Departed;MUC;2023-05-30;21:05;2023-05-30;21:25;2;G26;LD;Flight Landed;LH;2443;32A;LD;Flight Landed
CPH;2023-05-30;20:00;2023-05-30;20:23;2;;DP;Flight Departed;ZRH;2023-05-30;21:45;2023-05-30;22:06;;;LD;Flight Landed;WK;1273;320;LD;Flight Landed
CPH;2023-05-30;20:00;2023-05-30;20:12;2;;DP;Flight Departed;VIE;2023-05-30;21:40;2023-05-30;21:47;3;ARS;LD;Flight Landed;OS;306;321;LD;Flight Landed
CPH;2023-05-30;20:10;2023-05-30;20:34;2;;DP;Flight Departed;DUS;2023-05-30;21:30;2023-05-30;21:55;;A50I;LD;Flight Landed;E6;9247;31D;LD;Flight Landed
CPH;2023-05-30;20:15;2023-05-30;20:16;2;;DP;Flight Departed;PRG;2023-05-30;21:35;2023-05-30;21:35;2;;LD;Flight Landed;E6;4213;31D;LD;Flight Landed
CPH;2023-05-30;21:10;2023-05-30;21:36;2;A11;DP;Flight Departed;MUC;2023-05-30;22:45;2023-05-30;23:09;2;T02S;LD;Flight Landed;WX;2445;CRK;LD;Flight Landed
CPH;2023-05-30;21:40;2023-05-30;21:40;2;;OT;Flight On Time;BRU;2023-05-30;23:10;2023-05-30;23:44;;;LD;Flight Landed;WX;2264;CR9;OT;Flight On Time
KGS;2023-05-30;11:55;2023-05-30;12:30;;;DP;Flight Departed;HAM;2023-05-30;14:25;2023-05-30;15:02;1;;LD;Flight Landed;X8;7317;320;LD;Flight Landed
KGS;2023-05-30;15:10;2023-05-30;15:35;;;DP;Flight Departed;CGN;2023-05-30;17:40;2023-05-30;17:47;1;B81;LD;Flight Landed;X3;659;73H;LD;Flight Landed
KGS;2023-05-30;18:20;2023-05-30;18:40;;;DP;Flight Departed;DUS;2023-05-30;20:45;2023-05-30;21:03;;B91;LD;Flight Landed;X8;9637;320;LD;Flight Landed
KGS;2023-05-30;20:35;2023-05-30;20:45;;;DP;Flight Departed;STR;2023-05-30;22:40;2023-05-30;22:50;1;;LD;Flight Landed;X8;2231;32W;LD;Flight Landed
RIX;2023-05-30;06:15;2023-05-30;06:13;;B07;DP;Flight Departed;FRA;2023-05-30;07:35;2023-05-30;07:26;1;BSO;LD;Flight Landed;LH;893;320;LD;Flight Landed
RIX;2023-05-30;14:25;2023-05-30;14:34;;B07;DP;Flight Departed;FRA;2023-05-30;15:45;2023-05-30;15:43;1;A21;LD;Flight Landed;LH;891;32N;LD;Flight Landed
SBZ;2023-05-30;06:15;2023-05-30;06:10;;001;DP;Flight Departed;MUC;2023-05-30;07:00;2023-05-30;06:46;2;T02N;LD;Flight Landed;CL;1667;CR9;LD;Flight Landed
SBZ;2023-05-30;14:10;2023-05-30;15:00;;001;DP;Flight Departed;MUC;2023-05-30;14:55;2023-05-30;15:36;2;T02N;LD;Flight Landed;CL;1665;CR9;LD;Flight Landed
ZAD;2023-05-30;13:40;2023-05-30;13:44;;;DP;Flight Departed;VIE;2023-05-30;14:40;2023-05-30;14:46;3;ARS;LD;Flight Landed;OS;754;E95;LD;Flight Landed
LCY;2023-05-30;07:50;2023-05-30;08:03;;013;DP;Flight Departed;FRA;2023-05-30;10:10;2023-05-30;10:25;1;Area A;LD;Flight Landed;CL;927;E90;LD;Flight Landed
LCY;2023-05-30;08:05;2023-05-30;08:07;;021;DP;Flight Departed;ZRH;2023-05-30;10:40;2023-05-30;10:45;;;LD;Flight Landed;2L;451;290;LD;Flight Landed
LCY;2023-05-30;08:30;2023-05-30;08:33;;024;DP;Flight Departed;GVA;2023-05-30;11:05;2023-05-30;11:11;1;;LD;Flight Landed;LX;443;221;LD;Flight Landed
LCY;2023-05-30;09:15;2023-05-30;09:21;;006;DP;Flight Departed;FRA;2023-05-30;11:35;2023-05-30;11:46;1;Area A;LD;Flight Landed;CL;929;E90;LD;Flight Landed
LCY;2023-05-30;09:25;2023-05-30;09:40;;;DP;Flight Departed;ZRH;2023-05-30;12:00;2023-05-30;12:08;;;LD;Flight Landed;LX;461;221;LD;Flight Landed
LCY;2023-05-30;17:00;2023-05-30;17:15;;008;DP;Flight Departed;FRA;2023-05-30;19:20;2023-05-30;19:27;1;Area A;LD;Flight Landed;CL;935;E90;LD;Flight Landed
LCY;2023-05-30;17:40;2023-05-30;18:33;;023;DP;Flight Departed;ZRH;2023-05-30;20:15;2023-05-30;20:56;;;LD;Flight Landed;2L;465;290;LD;Flight Landed
LCY;2023-05-30;18:50;2023-05-30;19:31;;;DP;Flight Departed;ZRH;2023-05-30;21:25;2023-05-30;22:06;;;LD;Flight Landed;2L;467;290;LD;Flight Landed
LCY;2023-05-30;19:10;2023-05-30;19:14;;;DP;Flight Departed;GVA;2023-05-30;21:45;2023-05-30;21:42;1;;LD;Flight Landed;LX;447;221;LD;Flight Landed
LCY;2023-05-30;19:20;2023-05-30;19:23;;008;DP;Flight Departed;FRA;2023-05-30;21:40;2023-05-30;21:43;1;Z21;LD;Flight Landed;CL;937;E90;LD;Flight Landed
FAO;2023-05-30;12:10;2023-05-30;13:24;;;DP;Flight Departed;BRU;2023-05-30;16:00;2023-05-30;17:09;;;LD;Flight Landed;SN;3802;320;LD;Flight Landed
FAO;2023-05-30;15:20;2023-05-30;15:32;;216;DP;Flight Departed;FRA;2023-05-30;19:25;2023-05-30;19:27;1;A13;LD;Flight Landed;LH;1163;32M;LD;Flight Landed
FAO;2023-05-30;15:50;2023-05-30;15:50;;214;DP;Flight Departed;MUC;2023-05-30;19:50;2023-05-30;20:00;2;G10;LD;Flight Landed;LH;1787;32V;LD;Flight Landed
FAO;2023-05-30;17:55;2023-05-30;18:05;;;DP;Flight Departed;DUS;2023-05-30;21:55;2023-05-30;22:02;;B93;LD;Flight Landed;EW;9643;32N;LD;Flight Landed
FAO;2023-05-30;19:10;2023-05-30;19:10;;;DP;Flight Departed;ZRH;2023-05-30;22:55;2023-05-30;22:59;;;LD;Flight Landed;WK;299;320;LD;Flight Landed
VRN;2023-05-30;06:30;2023-05-30;06:30;;;DP;Flight Departed;MUC;2023-05-30;07:30;2023-05-30;07:24;2;T02S;LD;Flight Landed;EN;8207;E95;LD;Flight Landed
VRN;2023-05-30;06:30;2023-05-30;06:30;;;DP;Flight Departed;FRA;2023-05-30;07:55;2023-05-30;07:55;1;BSO;LD;Flight Landed;EN;8823;E95;LD;Flight Landed
VRN;2023-05-30;13:35;2023-05-30;13:55;;;DP;Flight Departed;MUC;2023-05-30;14:35;2023-05-30;14:47;2;T02S;LD;Flight Landed;EN;8211;E95;LD;Flight Landed
VRN;2023-05-30;14:15;2023-05-30;16:10;;;DP;Flight Departed;FRA;2023-05-30;15:40;2023-05-30;17:47;1;BSO;LD;Flight Landed;EN;8827;E95;LD;Flight Landed
VRN;2023-05-30;16:10;2023-05-30;16:34;;;DP;Flight Departed;DUS;2023-05-30;17:50;2023-05-30;18:13;;A68I;LD;Flight Landed;EW;9805;31D;LD;Flight Landed
ZAQ;2023-05-30;05:29;2023-05-30;05:30;;T07;DP;Flight Departed;QWU;2023-05-30;06:52;2023-05-30;06:50;;;LD;Flight Landed;2A;3463;TRN;LD;Flight Landed
ZAQ;2023-05-30;06:32;2023-05-30;06:32;;T06;DP;Flight Departed;QWU;2023-05-30;07:52;2023-05-30;07:56;;;LD;Flight Landed;2A;3467;TRN;LD;Flight Landed
ZAQ;2023-05-30;07:30;2023-05-30;07:30;;T07;DP;Flight Departed;QWU;2023-05-30;08:52;2023-05-30;08:50;;;LD;Flight Landed;2A;3469;TRN;LD;Flight Landed
ZAQ;2023-05-30;08:30;2023-05-30;08:31;;T06;DP;Flight Departed;QWU;2023-05-30;09:52;2023-05-30;09:50;;;LD;Flight Landed;2A;3471;TRN;LD;Flight Landed
ZAQ;2023-05-30;09:33;2023-05-30;09:34;;T07;DP;Flight Departed;QWU;2023-05-30;10:52;2023-05-30;10:52;;;LD;Flight Landed;2A;3473;TRN;LD;Flight Landed
ZAQ;2023-05-30;10:30;2023-05-30;10:30;;T07;DP;Flight Departed;QWU;2023-05-30;11:52;2023-05-30;11:52;;;LD;Flight Landed;2A;3475;TRN;LD;Flight Landed
ZAQ;2023-05-30;11:33;2023-05-30;11:40;;T07;DP;Flight Departed;QWU;2023-05-30;12:52;2023-05-30;12:53;;;LD;Flight Landed;2A;3477;TRN;LD;Flight Landed
ZAQ;2023-05-30;12:30;2023-05-30;12:30;;T04;DP;Flight Departed;QWU;2023-05-30;13:52;2023-05-30;13:54;;;LD;Flight Landed;2A;3479;TRN;LD;Flight Landed
ZAQ;2023-05-30;14:30;2023-05-30;14:35;;T06;DP;Flight Departed;QWU;2023-05-30;15:53;2023-05-30;16:37;;;LD;Flight Landed;2A;3483;TRN;LD;Flight Landed
ZAQ;2023-05-30;15:33;2023-05-30;15:34;;T07;DP;Flight Departed;QWU;2023-05-30;16:52;2023-05-30;16:53;;;LD;Flight Landed;2A;3485;TRN;LD;Flight Landed
ZAQ;2023-05-30;16:27;2023-05-30;16:30;;T09;DP;Flight Departed;ZMU;2023-05-30;17:38;2023-05-30;18:06;;;LD;Flight Landed;2A;3470;TRN;LD;Flight Landed
ZAQ;2023-05-30;16:30;2023-05-30;16:30;;T04;DP;Flight Departed;QWU;2023-05-30;17:52;2023-05-30;17:54;;;LD;Flight Landed;2A;3487;TRN;LD;Flight Landed
SPU;2023-05-30;08:50;2023-05-30;08:47;;;DP;Flight Departed;STR;2023-05-30;10:25;2023-05-30;10:18;1;;LD;Flight Landed;X8;2965;32W;LD;Flight Landed
SPU;2023-05-30;12:20;2023-05-30;12:43;;;DP;Flight Departed;DTM;2023-05-30;14:15;2023-05-30;14:41;;;LD;Flight Landed;EW;4083;320;LD;Flight Landed
SPU;2023-05-30;12:45;2023-05-30;12:56;;;DP;Flight Departed;BER;2023-05-30;14:25;2023-05-30;14:46;1;A38;LD;Flight Landed;EW;8989;320;LD;Flight Landed
SPU;2023-05-30;13:05;2023-05-30;13:44;;;DP;Flight Departed;BRU;2023-05-30;15:15;2023-05-30;15:39;;;LD;Flight Landed;SN;3354;319;LD;Flight Landed
SPU;2023-05-30;13:15;2023-05-30;13:39;;;DP;Flight Departed;DUS;2023-05-30;15:15;2023-05-30;15:28;;A42;LD;Flight Landed;EW;9961;31D;LD;Flight Landed
SPU;2023-05-30;15:15;2023-05-30;15:20;;;DP;Flight Departed;VIE;2023-05-30;16:25;2023-05-30;16:24;3;F36A;LD;Flight Landed;OS;746;321;LD;Flight Landed
SPU;2023-05-30;16:55;2023-05-30;17:18;;;DP;Flight Departed;MUC;2023-05-30;18:15;2023-05-30;18:33;2;G28;LD;Flight Landed;LH;1717;321;LD;Flight Landed
SPU;2023-05-30;20:10;2023-05-30;20:23;;;DP;Flight Departed;HAM;2023-05-30;22:15;2023-05-30;22:26;1;;LD;Flight Landed;X9;7985;320;LD;Flight Landed
SPU;2023-05-30;23:10;2023-05-30;23:25;;;DP;Flight Departed;CGN;2023-05-31;01:05;2023-05-31;01:19;1;C88;LD;Flight Landed;EW;963;32Z;LD;Flight Landed
KTW;2023-05-30;10:30;2023-05-30;10:40;;014;DP;Flight Departed;FRA;2023-05-30;12:05;2023-05-30;12:12;1;BSO;LD;Flight Landed;CL;1361;E90;LD;Flight Landed
KTW;2023-05-30;14:45;2023-05-30;15:26;;014;DP;Flight Departed;FRA;2023-05-30;16:20;2023-05-30;16:50;1;BSO;LD;Flight Landed;EN;8761;E90;LD;Flight Landed
NUE;2023-05-30;05:00;2023-05-30;05:00;;A16;DP;Flight Departed;PMI;2023-05-30;07:15;2023-05-30;06:59;;;LD;Flight Landed;E6;6815;320;LD;Flight Landed
NUE;2023-05-30;05:15;;;;BUS;NO;No Status;MUC;2023-05-30;07:30;;;2;;NO;No Status;YY;3801;BUS;;No Status
NUE;2023-05-30;07:45;;;;BUS;NO;No Status;MUC;2023-05-30;10:00;;;2;;NO;No Status;YY;3803;BUS;;No Status
NUE;2023-05-30;08:10;2023-05-30;08:01;;A14;DP;Flight Departed;VIE;2023-05-30;09:15;2023-05-30;09:04;3;ARS;LD;Flight Landed;OS;262;E95;LD;Flight Landed
NUE;2023-05-30;08:30;2023-05-30;09:09;;A19;DP;Flight Departed;FRA;2023-05-30;09:20;2023-05-30;10:13;1;A40;LD;Flight Landed;LH;145;319;LD;Flight Landed
NUE;2023-05-30;11:00;2023-05-30;11:11;;A16;DP;Flight Departed;ZRH;2023-05-30;12:00;2023-05-30;11:59;;;LD;Flight Landed;2L;1189;290;LD;Flight Landed
NUE;2023-05-30;11:15;2023-05-30;11:51;;A13;DP;Flight Departed;FRA;2023-05-30;12:00;2023-05-30;12:34;1;Area A;LD;Flight Landed;CL;147;CR9;LD;Flight Landed
NUE;2023-05-30;11:45;;;;BUS;NO;No Status;MUC;2023-05-30;14:00;;;2;;NO;No Status;YY;3805;BUS;;No Status
NUE;2023-05-30;14:35;2023-05-30;14:41;;A17;DP;Flight Departed;FRA;2023-05-30;15:20;2023-05-30;15:26;1;A11;LD;Flight Landed;LH;149;319;LD;Flight Landed
NUE;2023-05-30;16:00;;;;BUS;NO;No Status;MUC;2023-05-30;18:15;;;2;;NO;No Status;YY;3807;BUS;;No Status
NUE;2023-05-30;17:35;2023-05-30;18:21;;A14;DP;Flight Departed;PMI;2023-05-30;19:50;2023-05-30;20:06;;;LD;Flight Landed;E6;6817;32A;LD;Flight Landed
NUE;2023-05-30;18:15;;;;BUS;NO;No Status;MUC;2023-05-30;20:30;;;2;;NO;No Status;YY;3809;BUS;;No Status
NUE;2023-05-30;18:30;;;;A16;NO;No Status;FRA;2023-05-30;19:15;;;1;ASO;NO;No Status;CL;153;CR9;CD;Flight Cancelled
NUE;2023-05-30;19:05;2023-05-30;19:07;;A16;DP;Flight Departed;ZRH;2023-05-30;20:00;2023-05-30;19:49;;;LD;Flight Landed;2L;1193;E90;LD;Flight Landed
NUE;2023-05-30;19:45;2023-05-30;19:37;;A16;DP;Flight Departed;VIE;2023-05-30;20:50;2023-05-30;20:34;3;F22A;LD;Flight Landed;OS;266;E95;LD;Flight Landed
FNC;2023-05-30;10:00;2023-05-30;10:00;;;DP;Flight Departed;ZRH;2023-05-30;14:45;2023-05-30;14:49;;;LD;Flight Landed;WK;285;320;LD;Flight Landed
FNC;2023-05-30;12:10;2023-05-30;11:49;;;DP;Flight Departed;GVA;2023-05-30;16:40;2023-05-30;16:16;1;;LD;Flight Landed;LX;2395;223;LD;Flight Landed
FNC;2023-05-30;13:45;2023-05-30;13:39;;;DP;Flight Departed;ZRH;2023-05-30;18:30;2023-05-30;18:42;;;LD;Flight Landed;WK;287;320;LD;Flight Landed
FNC;2023-05-30;14:55;2023-05-30;14:57;;;DP;Flight Departed;PRG;2023-05-30;20:25;2023-05-30;20:29;1;;LD;Flight Landed;E6;4257;320;LD;Flight Landed
FNC;2023-05-30;15:30;2023-05-30;15:31;;005;DP;Flight Departed;FRA;2023-05-30;20:35;2023-05-30;20:39;1;BSO;LD;Flight Landed;4Y;703;32A;LD;Flight Landed
ORY;2023-05-30;09:35;2023-05-30;09:36;1;A21;DP;Flight Departed;MUC;2023-05-30;11:00;2023-05-30;11:04;2;T02S;LD;Flight Landed;CL;2213;CR9;LD;Flight Landed
ORY;2023-05-30;19:15;2023-05-30;19:30;;A11;DP;Flight Departed;MUC;2023-05-30;20:40;2023-05-30;20:51;2;K04;LD;Flight Landed;EN;8363;E95;LD;Flight Landed
MAD;2023-05-30;06:20;2023-05-30;06:28;2;;DP;Flight Departed;BRU;2023-05-30;08:35;2023-05-30;08:44;;;LD;Flight Landed;SN;3732;320;LD;Flight Landed
MAD;2023-05-30;07:15;2023-05-30;07:14;2;E71;DP;Flight Departed;MUC;2023-05-30;09:45;2023-05-30;09:40;2;G34;LD;Flight Landed;LH;1807;32V;LD;Flight Landed
MAD;2023-05-30;08:30;2023-05-30;08:37;2;E69;DP;Flight Departed;FRA;2023-05-30;11:00;2023-05-30;11:27;1;A21;LD;Flight Landed;LH;1123;32Q;LD;Flight Landed
MAD;2023-05-30;11:55;2023-05-30;11:54;2;D66;DP;Flight Departed;MUC;2023-05-30;14:25;2023-05-30;14:33;2;T02S;LD;Flight Landed;LH;1801;32A;LD;Flight Landed
MAD;2023-05-30;12:40;2023-05-30;12:34;2;;DP;Flight Departed;BRU;2023-05-30;14:55;2023-05-30;14:42;;;LD;Flight Landed;SN;3722;319;LD;Flight Landed
MAD;2023-05-30;13:00;2023-05-30;13:31;2;D66;DP;Flight Departed;FRA;2023-05-30;15:30;2023-05-30;16:04;1;A16;LD;Flight Landed;LH;1113;32M;LD;Flight Landed
MAD;2023-05-30;14:45;2023-05-30;15:09;2;E69;DP;Flight Departed;MUC;2023-05-30;17:15;2023-05-30;17:39;2;G26;LD;Flight Landed;LH;1803;32N;LD;Flight Landed
MAD;2023-05-30;17:10;2023-05-30;17:25;2;E70;DP;Flight Departed;FRA;2023-05-30;19:40;2023-05-30;19:57;1;BSO;LD;Flight Landed;LH;1115;320;LD;Flight Landed
MAD;2023-05-30;17:35;2023-05-30;18:25;2;;DP;Flight Departed;BRU;2023-05-30;19:50;2023-05-30;20:33;;;LD;Flight Landed;SN;3728;320;LD;Flight Landed
MAD;2023-05-30;19:45;2023-05-30;19:57;2;;DP;Flight Departed;ZRH;2023-05-30;22:00;2023-05-30;22:11;;;LD;Flight Landed;2L;2033;290;LD;Flight Landed
VCE;2023-05-30;06:30;2023-05-30;06:26;;;DP;Flight Departed;MUC;2023-05-30;07:30;2023-05-30;07:34;2;T02S;LD;Flight Landed;EN;8199;E95;LD;Flight Landed
VCE;2023-05-30;06:30;2023-05-30;06:54;;011;DP;Flight Departed;FRA;2023-05-30;07:55;2023-05-30;08:17;1;Area A;LD;Flight Landed;LH;333;32A;LD;Flight Landed
VCE;2023-05-30;06:55;2023-05-30;07:09;;;DP;Flight Departed;BRU;2023-05-30;08:40;2023-05-30;08:54;;;LD;Flight Landed;SN;3208;319;LD;Flight Landed
VCE;2023-05-30;07:20;2023-05-30;07:14;;;DP;Flight Departed;VIE;2023-05-30;08:25;2023-05-30;08:11;3;ARS;LD;Flight Landed;OS;528;E95;LD;Flight Landed
VCE;2023-05-30;09:40;2023-05-30;09:43;;;DP;Flight Departed;ZRH;2023-05-30;10:55;2023-05-30;10:58;;;LD;Flight Landed;BT;1661;223;LD;Flight Landed
VCE;2023-05-30;09:55;2023-05-30;10:03;;;DP;Flight Departed;MUC;2023-05-30;10:55;2023-05-30;11:04;2;T02S;LD;Flight Landed;EN;8201;E95;LD;Flight Landed
VCE;2023-05-30;10:35;2023-05-30;11:03;;010;DP;Flight Departed;FRA;2023-05-30;12:00;2023-05-30;12:32;1;Area A;LD;Flight Landed;LH;325;321;LD;Flight Landed
VCE;2023-05-30;10:55;2023-05-30;10:52;;013;DP;Flight Departed;VIE;2023-05-30;12:00;2023-05-30;11:53;3;ARS;LD;Flight Landed;OS;522;E95;LD;Flight Landed
VCE;2023-05-30;12:00;2023-05-30;12:04;;;DP;Flight Departed;BRU;2023-05-30;13:45;2023-05-30;13:45;;;LD;Flight Landed;SN;3202;319;LD;Flight Landed
VCE;2023-05-30;13:10;2023-05-30;13:12;;;DP;Flight Departed;DUS;2023-05-30;14:50;2023-05-30;14:51;;A68I;LD;Flight Landed;EW;9811;31D;LD;Flight Landed
VCE;2023-05-30;14:40;2023-05-30;15:22;;013;DP;Flight Departed;FRA;2023-05-30;16:05;2023-05-30;16:44;1;Area A;LD;Flight Landed;LH;327;320;LD;Flight Landed
VCE;2023-05-30;14:40;2023-05-30;14:37;;;DP;Flight Departed;VIE;2023-05-30;15:45;2023-05-30;15:36;3;ARS;LD;Flight Landed;OS;524;E95;LD;Flight Landed
VCE;2023-05-30;14:50;2023-05-30;14:54;;;DP;Flight Departed;ZRH;2023-05-30;16:00;2023-05-30;15:55;;;LD;Flight Landed;2L;1663;E90;LD;Flight Landed
VCE;2023-05-30;16:55;2023-05-30;18:17;;;DP;Flight Departed;MUC;2023-05-30;17:55;2023-05-30;19:21;2;G14;LD;Flight Landed;EN;8205;E95;LD;Flight Landed
VCE;2023-05-30;18:20;2023-05-30;19:01;;014;DP;Flight Departed;FRA;2023-05-30;19:45;2023-05-30;20:19;1;A40;LD;Flight Landed;LH;329;320;LD;Flight Landed
VCE;2023-05-30;19:05;2023-05-30;19:06;;;DP;Flight Departed;ZRH;2023-05-30;20:10;2023-05-30;20:08;;;LD;Flight Landed;LX;1665;223;LD;Flight Landed
VCE;2023-05-30;19:20;2023-05-30;19:32;;;DP;Flight Departed;VIE;2023-05-30;20:25;2023-05-30;20:35;3;F03A;LD;Flight Landed;OS;530;E95;LD;Flight Landed
VCE;2023-05-30;20:15;2023-05-30;22:06;;;DP;Flight Departed;MUC;2023-05-30;21:15;2023-05-30;23:03;2;G40;LD;Flight Landed;EN;8237;E95;LD;Flight Landed
ZIN;2023-05-30;07:00;2023-05-30;07:00;;;OT;Flight On Time;ZRH;2023-05-30;09:14;2023-05-30;09:14;;;OT;Flight On Time;YY;9429;TRN;OT;Flight On Time
ZIN;2023-05-30;09:00;2023-05-30;09:00;;;OT;Flight On Time;ZRH;2023-05-30;11:14;2023-05-30;11:14;;;OT;Flight On Time;YY;9431;TRN;OT;Flight On Time
ZIN;2023-05-30;11:00;2023-05-30;11:00;;;OT;Flight On Time;ZRH;2023-05-30;13:14;2023-05-30;13:14;;;OT;Flight On Time;YY;9433;TRN;OT;Flight On Time
ZIN;2023-05-30;14:00;2023-05-30;14:00;;;OT;Flight On Time;ZRH;2023-05-30;16:14;2023-05-30;16:14;;;OT;Flight On Time;YY;9435;TRN;OT;Flight On Time
ZIN;2023-05-30;16:00;2023-05-30;16:00;;;OT;Flight On Time;ZRH;2023-05-30;18:14;2023-05-30;18:14;;;OT;Flight On Time;YY;9437;TRN;OT;Flight On Time
RZE;2023-05-30;13:10;2023-05-30;14:47;;004;DP;Flight Departed;MUC;2023-05-30;14:35;2023-05-30;16:09;2;T02S;LD;Flight Landed;CL;1605;CR9;LD;Flight Landed
PMI;2023-05-30;07:15;2023-05-30;07:18;;;DP;Flight Departed;HAM;2023-05-30;10:00;2023-05-30;10:04;1;;LD;Flight Landed;E6;7585;32A;LD;Flight Landed
PMI;2023-05-30;07:20;2023-05-30;07:32;;;DP;Flight Departed;LEJ;2023-05-30;09:55;2023-05-30;10:13;;;LD;Flight Landed;E6;6800;32A;LD;Flight Landed
PMI;2023-05-30;07:55;2023-05-30;07:57;;;DP;Flight Departed;FMM;2023-05-30;10:05;2023-05-30;09:58;;;LD;Flight Landed;E6;6872;32A;LD;Flight Landed
PMI;2023-05-30;08:10;2023-05-30;08:55;;;DP;Flight Departed;MUC;2023-05-30;10:25;2023-05-30;11:03;1;;LD;Flight Landed;E6;1991;320;LD;Flight Landed
PMI;2023-05-30;08:20;2023-05-30;08:24;;;DP;Flight Departed;FKB;2023-05-30;10:25;2023-05-30;10:18;;;LD;Flight Landed;E6;6804;32A;LD;Flight Landed
PMI;2023-05-30;08:20;2023-05-30;08:20;;;DP;Flight Departed;ZRH;2023-05-30;10:20;2023-05-30;10:18;;;LD;Flight Landed;E6;6836;320;LD;Flight Landed
PMI;2023-05-30;08:45;2023-05-30;08:58;;;DP;Flight Departed;BRU;2023-05-30;11:15;2023-05-30;10:56;;;LD;Flight Landed;SN;3766;320;LD;Flight Landed
PMI;2023-05-30;08:55;2023-05-30;09:14;;;DP;Flight Departed;MUC;2023-05-30;11:10;2023-05-30;11:23;1;;LD;Flight Landed;EW;1993;32A;LD;Flight Landed
PMI;2023-05-30;09:20;2023-05-30;09:23;;;DP;Flight Departed;DTM;2023-05-30;11:50;2023-05-30;11:55;;;LD;Flight Landed;EW;6812;320;LD;Flight Landed
PMI;2023-05-30;09:30;2023-05-30;09:28;;;DP;Flight Departed;DUS;2023-05-30;12:05;2023-05-30;11:41;;B91;LD;Flight Landed;EW;9585;32Z;LD;Flight Landed
PMI;2023-05-30;09:35;2023-05-30;09:35;;;DP;Flight Departed;HAM;2023-05-30;12:20;2023-05-30;12:20;1;;LD;Flight Landed;EW;7591;32A;LD;Flight Landed
PMI;2023-05-30;09:35;2023-05-30;09:48;;D88;DP;Flight Departed;ZRH;2023-05-30;11:30;2023-05-30;11:35;;;LD;Flight Landed;LX;2153;32B;LD;Flight Landed
PMI;2023-05-30;09:40;2023-05-30;09:38;;;DP;Flight Departed;HAM;2023-05-30;12:25;2023-05-30;12:27;1;;LD;Flight Landed;EW;7589;32N;LD;Flight Landed
PMI;2023-05-30;09:45;2023-05-30;09:51;;;DP;Flight Departed;DUS;2023-05-30;12:20;2023-05-30;12:04;;A68I;LD;Flight Landed;EW;9589;320;LD;Flight Landed
PMI;2023-05-30;10:15;2023-05-30;10:16;;;DP;Flight Departed;CGN;2023-05-30;12:40;2023-05-30;12:35;1;B30;LD;Flight Landed;EW;585;31D;LD;Flight Landed
PMI;2023-05-30;12:10;2023-05-30;12:19;;D92;DP;Flight Departed;MUC;2023-05-30;14:20;2023-05-30;14:23;2;K20;OT;Flight On Time;4Y;1797;32A;OT;Flight On Time
PMI;2023-05-30;12:50;2023-05-30;12:53;;;DP;Flight Departed;STR;2023-05-30;15:00;2023-05-30;15:02;1;;LD;Flight Landed;EW;2597;32A;LD;Flight Landed
PMI;2023-05-30;13:10;2023-05-30;13:08;;;DP;Flight Departed;SZG;2023-05-30;15:20;2023-05-30;15:10;;;LD;Flight Landed;E6;4369;320;LD;Flight Landed
PMI;2023-05-30;13:15;2023-05-30;13:19;;D82;DP;Flight Departed;FRA;2023-05-30;15:35;2023-05-30;15:52;1;BSO;LD;Flight Landed;4Y;513;32A;LD;Flight Landed
PMI;2023-05-30;13:25;2023-05-30;13:30;;;DP;Flight Departed;HAM;2023-05-30;16:10;2023-05-30;16:12;1;;LD;Flight Landed;EW;7583;32A;LD;Flight Landed
PMI;2023-05-30;13:35;2023-05-30;14:07;;;DP;Flight Departed;HAM;2023-05-30;16:20;2023-05-30;16:49;1;;LD;Flight Landed;EW;7587;32A;LD;Flight Landed
PMI;2023-05-30;13:50;2023-05-30;14:23;;;DP;Flight Departed;PAD;2023-05-30;16:20;2023-05-30;16:51;;;LD;Flight Landed;E6;6838;32A;LD;Flight Landed
PMI;2023-05-30;13:50;2023-05-30;13:50;;;DP;Flight Departed;CGN;2023-05-30;16:15;2023-05-30;16:10;1;C30;LD;Flight Landed;EW;6898;32Z;LD;Flight Landed
PMI;2023-05-30;13:55;2023-05-30;14:00;;D96;DP;Flight Departed;VIE;2023-05-30;16:20;2023-05-30;16:18;3;F22A;LD;Flight Landed;OS;434;321;LD;Flight Landed
PMI;2023-05-30;14:05;2023-05-30;14:29;;;DP;Flight Departed;DUS;2023-05-30;16:40;2023-05-30;17:02;;B31;LD;Flight Landed;EW;9575;32A;LD;Flight Landed
PMI;2023-05-30;14:30;2023-05-30;15:11;;;DP;Flight Departed;NUE;2023-05-30;16:45;2023-05-30;17:31;;;LD;Flight Landed;E6;6816;32A;LD;Flight Landed
PMI;2023-05-30;14:30;2023-05-30;14:49;;;DP;Flight Departed;HAJ;2023-05-30;17:10;2023-05-30;17:51;;;LD;Flight Landed;E6;6852;320;LD;Flight Landed
PMI;2023-05-30;14:30;2023-05-30;15:34;;;DP;Flight Departed;DUS;2023-05-30;17:05;2023-05-30;18:07;;B35B;LD;Flight Landed;X8;9581;320;LD;Flight Landed
PMI;2023-05-30;14:35;2023-05-30;15:14;;;DP;Flight Departed;MUC;2023-05-30;16:50;2023-05-30;17:18;1;;LD;Flight Landed;EW;1787;32A;LD;Flight Landed
PMI;2023-05-30;14:40;2023-05-30;14:50;;;DP;Flight Departed;SCN;2023-05-30;16:45;2023-05-30;17:01;;;LD;Flight Landed;E6;6818;32A;LD;Flight Landed
PMI;2023-05-30;14:40;2023-05-30;15:06;;;DP;Flight Departed;GRZ;2023-05-30;16:45;2023-05-30;17:13;;;LD;Flight Landed;E6;6870;32A;LD;Flight Landed
PMI;2023-05-30;14:40;2023-05-30;14:37;;;DP;Flight Departed;BER;2023-05-30;17:25;2023-05-30;17:24;1;B06;LD;Flight Landed;EW;8591;32A;LD;Flight Landed
PMI;2023-05-30;15:00;2023-05-30;15:38;;;DP;Flight Departed;DUS;2023-05-30;17:35;2023-05-30;18:01;;B27;LD;Flight Landed;E6;9595;31D;LD;Flight Landed
PMI;2023-05-30;15:05;2023-05-30;15:24;;;DP;Flight Departed;MUC;2023-05-30;17:20;2023-05-30;17:27;1;;LD;Flight Landed;EW;1995;32A;LD;Flight Landed
PMI;2023-05-30;15:05;2023-05-30;15:27;;;DP;Flight Departed;DRS;2023-05-30;17:40;2023-05-30;18:06;;;LD;Flight Landed;E6;6802;320;LD;Flight Landed
PMI;2023-05-30;15:05;2023-05-30;15:40;;D98;DP;Flight Departed;ZRH;2023-05-30;17:00;2023-05-30;17:35;;;LD;Flight Landed;LX;2157;320;LD;Flight Landed
PMI;2023-05-30;15:15;2023-05-30;15:58;;D96;DP;Flight Departed;ZRH;2023-05-30;17:05;2023-05-30;18:01;;;LD;Flight Landed;LX;247;320;LD;Flight Landed
PMI;2023-05-30;15:30;2023-05-30;15:39;;;DP;Flight Departed;DUS;2023-05-30;18:05;2023-05-30;17:57;;A65;LD;Flight Landed;EW;9583;32A;LD;Flight Landed
PMI;2023-05-30;15:35;2023-05-30;16:06;;;DP;Flight Departed;STR;2023-05-30;17:45;2023-05-30;18:21;1;;LD;Flight Landed;EW;2593;31D;LD;Flight Landed
PMI;2023-05-30;15:45;2023-05-30;15:48;;;DP;Flight Departed;CGN;2023-05-30;18:10;2023-05-30;18:13;1;B20;LD;Flight Landed;EW;581;32Z;LD;Flight Landed
PMI;2023-05-30;15:55;2023-05-30;16:03;;;DP;Flight Departed;CGN;2023-05-30;18:20;2023-05-30;18:22;1;B81;LD;Flight Landed;EW;593;320;LD;Flight Landed
PMI;2023-05-30;16:05;2023-05-30;16:14;;;DP;Flight Departed;ARN;2023-05-30;19:50;2023-05-30;20:09;5;;LD;Flight Landed;E6;4613;320;LD;Flight Landed
PMI;2023-05-30;16:05;2023-05-30;16:31;;D86;DP;Flight Departed;FRA;2023-05-30;18:25;2023-05-30;18:49;1;A60;LD;Flight Landed;LH;1159;32M;LD;Flight Landed
PMI;2023-05-30;17:55;2023-05-30;18:11;;D96;DP;Flight Departed;VIE;2023-05-30;20:20;2023-05-30;20:31;3;ARS;LD;Flight Landed;OS;436;320;LD;Flight Landed
PMI;2023-05-30;18:10;2023-05-30;18:15;;D94;DP;Flight Departed;MUC;2023-05-30;20:20;2023-05-30;20:24;2;K01;LD;Flight Landed;4Y;1795;32A;LD;Flight Landed
PMI;2023-05-30;18:15;2023-05-30;18:23;;D88;DP;Flight Departed;ZRH;2023-05-30;20:10;2023-05-30;20:17;;;LD;Flight Landed;LX;2151;320;LD;Flight Landed
PMI;2023-05-30;18:45;2023-05-30;18:59;;;DP;Flight Departed;BER;2023-05-30;21:30;2023-05-30;21:57;1;B02;LD;Flight Landed;X8;8595;320;LD;Flight Landed
PMI;2023-05-30;19:00;2023-05-30;19:00;;;DP;Flight Departed;STR;2023-05-30;21:10;2023-05-30;21:14;1;;LD;Flight Landed;EW;2585;320;LD;Flight Landed
PMI;2023-05-30;19:10;2023-05-30;19:30;;D84;DP;Flight Departed;FRA;2023-05-30;21:30;2023-05-30;22:00;1;A17;LD;Flight Landed;4Y;515;32A;LD;Flight Landed
PMI;2023-05-30;19:25;2023-05-30;19:19;;;DP;Flight Departed;DUS;2023-05-30;22:00;2023-05-30;21:51;;B91;LD;Flight Landed;EW;9587;31D;LD;Flight Landed
PMI;2023-05-30;19:50;2023-05-30;19:42;;;DP;Flight Departed;DTM;2023-05-30;22:20;2023-05-30;22:06;;;LD;Flight Landed;EW;4099;320;LD;Flight Landed
PMI;2023-05-30;19:55;2023-05-30;19:50;;;DP;Flight Departed;DUS;2023-05-30;22:30;2023-05-30;22:13;;B93;LD;Flight Landed;EW;9591;31D;LD;Flight Landed
PMI;2023-05-30;20:20;2023-05-30;20:22;;;DP;Flight Departed;HAJ;2023-05-30;23:00;2023-05-30;23:09;;;LD;Flight Landed;E6;3591;32A;LD;Flight Landed
PMI;2023-05-30;20:30;2023-05-30;20:51;;;DP;Flight Departed;PAD;2023-05-30;23:00;2023-05-30;23:15;;;LD;Flight Landed;E6;6808;32A;LD;Flight Landed
PMI;2023-05-30;20:35;2023-05-30;20:47;;;DP;Flight Departed;NUE;2023-05-30;22:50;2023-05-30;22:59;;;LD;Flight Landed;E6;6814;32A;LD;Flight Landed
PMI;2023-05-30;20:40;2023-05-30;20:47;;;DP;Flight Departed;STR;2023-05-30;22:50;2023-05-30;22:52;1;;LD;Flight Landed;EW;2583;32A;LD;Flight Landed
PMI;2023-05-30;21:00;2023-05-30;20:56;;;DP;Flight Departed;STR;2023-05-30;23:10;2023-05-30;23:07;1;;LD;Flight Landed;EW;2581;32A;LD;Flight Landed
PMI;2023-05-30;21:55;2023-05-30;22:06;;;DP;Flight Departed;CGN;2023-05-31;00:20;2023-05-31;00:29;1;C88;LD;Flight Landed;EW;589;32Z;LD;Flight Landed
PMI;2023-05-30;22:45;2023-05-30;22:46;;;DP;Flight Departed;CGN;2023-05-31;01:10;2023-05-31;01:13;1;C88;LD;Flight Landed;EW;599;320;LD;Flight Landed
PMI;2023-05-30;23:00;2023-05-30;23:02;;;DP;Flight Departed;FMO;2023-05-31;01:30;2023-05-31;01:28;;;LD;Flight Landed;E6;6822;32A;LD;Flight Landed
PMI;2023-05-30;23:15;2023-05-30;23:10;;;DP;Flight Departed;FMO;2023-05-31;01:45;2023-05-31;01:38;;;LD;Flight Landed;E6;6806;320;LD;Flight Landed
BUD;2023-05-30;06:05;2023-05-30;05:59;2A;A04;DP;Flight Departed;MUC;2023-05-30;07:25;2023-05-30;07:17;2;K21;LD;Flight Landed;LH;1683;32V;LD;Flight Landed
BUD;2023-05-30;06:35;2023-05-30;07:02;2A;A02;DP;Flight Departed;FRA;2023-05-30;08:20;2023-05-30;08:37;1;BSO;LD;Flight Landed;LH;1343;321;LD;Flight Landed
BUD;2023-05-30;06:35;2023-05-30;06:42;2A;A01;DP;Flight Departed;BRU;2023-05-30;08:40;2023-05-30;08:29;;;LD;Flight Landed;SN;2830;319;LD;Flight Landed
BUD;2023-05-30;07:00;2023-05-30;06:58;2A;A03;DP;Flight Departed;VIE;2023-05-30;07:45;2023-05-30;07:36;3;ARS;LD;Flight Landed;OS;718;E95;LD;Flight Landed
BUD;2023-05-30;08:20;2023-05-30;08:29;2A;;DP;Flight Departed;STR;2023-05-30;09:55;2023-05-30;09:56;1;;LD;Flight Landed;EW;2781;320;LD;Flight Landed
BUD;2023-05-30;08:40;2023-05-30;08:42;2A;A02;DP;Flight Departed;MUC;2023-05-30;10:00;2023-05-30;10:01;2;K12;LD;Flight Landed;LH;1675;32A;LD;Flight Landed
BUD;2023-05-30;09:15;2023-05-30;09:21;2A;;DP;Flight Departed;DUS;2023-05-30;11:10;2023-05-30;11:08;;B91;LD;Flight Landed;EW;9785;31B;LD;Flight Landed
BUD;2023-05-30;09:40;2023-05-30;09:50;2A;A04;DP;Flight Departed;FRA;2023-05-30;11:25;2023-05-30;11:43;1;A38;LD;Flight Landed;LH;1335;321;LD;Flight Landed
BUD;2023-05-30;09:40;2023-05-30;09:55;;A05;DP;Flight Departed;VIE;2023-05-30;11:16;2023-05-30;11:16;;;LD;Flight Landed;BT;2251;223;DV;Flight Diverted
BUD;2023-05-30;11:10;2023-05-30;11:40;2A;A04;DP;Flight Departed;FRA;2023-05-30;12:55;2023-05-30;13:35;1;A11;LD;Flight Landed;LH;1337;32Q;LD;Flight Landed
BUD;2023-05-30;11:20;2023-05-30;11:25;2A;A01;DP;Flight Departed;VIE;2023-05-30;12:10;2023-05-30;12:05;3;ARS;LD;Flight Landed;OS;714;E95;LD;Flight Landed
BUD;2023-05-30;13:25;2023-05-30;14:13;2A;A08;DP;Flight Departed;MUC;2023-05-30;14:45;2023-05-30;15:31;2;G04;LD;Flight Landed;LH;1677;32V;LD;Flight Landed
BUD;2023-05-30;14:25;2023-05-30;16:01;2A;A02;DP;Flight Departed;FRA;2023-05-30;16:10;2023-05-30;17:59;1;A36;LD;Flight Landed;LH;1339;32N;LD;Flight Landed
BUD;2023-05-30;14:35;2023-05-30;14:54;2A;A05;DP;Flight Departed;ZRH;2023-05-30;16:15;2023-05-30;16:29;;;LD;Flight Landed;LX;2255;221;LD;Flight Landed
BUD;2023-05-30;15:00;2023-05-30;16:45;2A;A01;DP;Flight Departed;VIE;2023-05-30;15:50;2023-05-30;17:23;3;ARS;LD;Flight Landed;OS;722;E95;LD;Flight Landed
BUD;2023-05-30;17:30;2023-05-30;17:35;2A;A02;DP;Flight Departed;MUC;2023-05-30;18:50;2023-05-30;18:53;2;K04;LD;Flight Landed;LH;1679;32V;LD;Flight Landed
BUD;2023-05-30;18:00;2023-05-30;18:18;2A;A05;DP;Flight Departed;BRU;2023-05-30;20:05;2023-05-30;20:20;;;LD;Flight Landed;SN;2826;319;LD;Flight Landed
BUD;2023-05-30;18:55;2023-05-30;19:25;2A;A08;DP;Flight Departed;FRA;2023-05-30;20:40;2023-05-30;21:02;1;Area A;LD;Flight Landed;LH;1341;32N;LD;Flight Landed
BUD;2023-05-30;19:55;2023-05-30;19:58;2A;A02;DP;Flight Departed;ZRH;2023-05-30;21:30;2023-05-30;21:23;;;LD;Flight Landed;LX;2259;223;LD;Flight Landed
BUD;2023-05-30;20:15;2023-05-30;20:15;2A;;DP;Flight Departed;DUS;2023-05-30;22:10;2023-05-30;22:09;;B93;LD;Flight Landed;BT;9783;223;LD;Flight Landed
BUD;2023-05-30;20:50;2023-05-30;20:45;2A;;DP;Flight Departed;STR;2023-05-30;22:25;2023-05-30;22:17;1;;LD;Flight Landed;EW;2785;31D;LD;Flight Landed
FKB;2023-05-30;11:15;2023-05-30;11:36;;;DP;Flight Departed;PMI;2023-05-30;13:10;2023-05-30;13:13;;;LD;Flight Landed;E6;6805;32A;LD;Flight Landed
HAJ;2023-05-30;04:40;2023-05-30;05:44;;;DP;Flight Departed;PMI;2023-05-30;07:10;2023-05-30;08:06;;;LD;Flight Landed;E6;3590;320;LD;Flight Landed
HAJ;2023-05-30;06:00;2023-05-30;06:00;;A05;DP;Flight Departed;FRA;2023-05-30;06:55;2023-05-30;06:55;1;A01;LD;Flight Landed;LH;49;320;LD;Flight Landed
HAJ;2023-05-30;06:20;2023-05-30;06:17;;A06;DP;Flight Departed;MUC;2023-05-30;07:30;2023-05-30;07:25;2;K19;LD;Flight Landed;LH;2107;319;LD;Flight Landed
HAJ;2023-05-30;08:35;2023-05-30;09:21;;A05;DP;Flight Departed;FRA;2023-05-30;09:30;2023-05-30;10:30;1;Area A;LD;Flight Landed;LH;51;319;LD;Flight Landed
HAJ;2023-05-30;08:45;2023-05-30;09:02;;A06;DP;Flight Departed;MUC;2023-05-30;09:55;2023-05-30;10:10;2;T02S;LD;Flight Landed;CL;2091;319;LD;Flight Landed
HAJ;2023-05-30;09:30;2023-05-30;09:30;;;DP;Flight Departed;ZRH;2023-05-30;10:50;2023-05-30;10:42;;;LD;Flight Landed;2L;815;290;LD;Flight Landed
HAJ;2023-05-30;10:35;2023-05-30;10:30;;A06;DP;Flight Departed;FRA;2023-05-30;11:30;2023-05-30;11:41;1;Area A;LD;Flight Landed;LH;53;319;LD;Flight Landed
HAJ;2023-05-30;10:35;2023-05-30;10:25;;;DP;Flight Departed;VIE;2023-05-30;12:00;2023-05-30;11:49;3;ARS;LD;Flight Landed;OS;292;320;LD;Flight Landed
HAJ;2023-05-30;13:00;2023-05-30;13:26;;A05;DP;Flight Departed;MUC;2023-05-30;14:10;2023-05-30;14:32;2;T02S;LD;Flight Landed;LH;2097;319;LD;Flight Landed
HAJ;2023-05-30;14:10;2023-05-30;14:37;;A06;DP;Flight Departed;FRA;2023-05-30;15:05;2023-05-30;15:27;1;A36;LD;Flight Landed;LH;57;319;LD;Flight Landed
HAJ;2023-05-30;14:30;2023-05-30;14:58;;;DP;Flight Departed;ZRH;2023-05-30;15:50;2023-05-30;16:05;;;LD;Flight Landed;BT;817;223;LD;Flight Landed
HAJ;2023-05-30;17:25;2023-05-30;17:44;;A05;DP;Flight Departed;MUC;2023-05-30;18:35;2023-05-30;18:45;2;K06;LD;Flight Landed;LH;2101;32A;LD;Flight Landed
HAJ;2023-05-30;17:50;2023-05-30;18:57;;;DP;Flight Departed;PMI;2023-05-30;20:20;2023-05-30;21:10;;;LD;Flight Landed;E6;6853;320;LD;Flight Landed
HAJ;2023-05-30;19:50;2023-05-30;20:01;;;DP;Flight Departed;ZRH;2023-05-30;21:05;2023-05-30;21:05;;;LD;Flight Landed;LX;829;221;LD;Flight Landed
HAJ;2023-05-30;19:55;2023-05-30;19:51;;A06;DP;Flight Departed;MUC;2023-05-30;21:05;2023-05-30;20:56;2;G44;LD;Flight Landed;CL;2103;31K;LD;Flight Landed
HAJ;2023-05-30;20:15;2023-05-30;20:06;;;DP;Flight Departed;VIE;2023-05-30;21:40;2023-05-30;21:27;3;ARS;LD;Flight Landed;OS;296;E95;LD;Flight Landed
PMO;2023-05-30;11:55;2023-05-30;11:53;;A19;DP;Flight Departed;MUC;2023-05-30;13:55;2023-05-30;13:46;2;K22;LD;Flight Landed;4Y;1915;32A;LD;Flight Landed
PMO;2023-05-30;14:00;2023-05-30;14:05;;B10;DP;Flight Departed;CGN;2023-05-30;16:30;2023-05-30;16:29;1;D72;LD;Flight Landed;EW;847;31D;LD;Flight Landed
PMO;2023-05-30;14:40;2023-05-30;15:03;;B04;DP;Flight Departed;ZRH;2023-05-30;16:40;2023-05-30;16:56;;;LD;Flight Landed;LX;1743;223;LD;Flight Landed
PMO;2023-05-30;19:45;2023-05-30;20:32;;B01;DP;Flight Departed;VIE;2023-05-30;21:45;2023-05-30;22:20;3;ARS;LD;Flight Landed;OS;488;320;LD;Flight Landed
DUB;2023-05-30;05:55;2023-05-30;06:32;1;302;DP;Flight Departed;FRA;2023-05-30;09:00;2023-05-30;09:43;1;Z16;LD;Flight Landed;LH;983;320;LD;Flight Landed
DUB;2023-05-30;08:00;2023-05-30;08:03;1;222;DP;Flight Departed;ZRH;2023-05-30;11:15;2023-05-30;11:23;;;LD;Flight Landed;LX;407;221;LD;Flight Landed
DUB;2023-05-30;09:10;2023-05-30;09:26;1;307;DP;Flight Departed;FRA;2023-05-30;12:10;2023-05-30;12:27;1;Area A;LD;Flight Landed;LH;977;321;LD;Flight Landed
DUB;2023-05-30;10:40;2023-05-30;11:16;1;301;DP;Flight Departed;MUC;2023-05-30;13:55;2023-05-30;14:37;2;L08;LD;Flight Landed;4Y;2517;32A;LD;Flight Landed
DUB;2023-05-30;12:30;2023-05-30;12:59;1;302;DP;Flight Departed;FRA;2023-05-30;15:30;2023-05-30;15:54;1;Z54;LD;Flight Landed;LH;979;32M;LD;Flight Landed
DUB;2023-05-30;12:40;2023-05-30;13:12;1;113;DP;Flight Departed;ZRH;2023-05-30;15:55;2023-05-30;16:17;;;LD;Flight Landed;LX;401;223;LD;Flight Landed
DUB;2023-05-30;12:45;2023-05-30;13:36;1;;DP;Flight Departed;DUS;2023-05-30;15:35;2023-05-30;16:01;;A79;LD;Flight Landed;EW;9395;31D;LD;Flight Landed
DUB;2023-05-30;17:30;2023-05-30;17:48;1;301;DP;Flight Departed;FRA;2023-05-30;20:30;2023-05-30;20:52;1;Z19;LD;Flight Landed;LH;981;321;LD;Flight Landed
DUB;2023-05-30;17:45;2023-05-30;17:55;1;302;DP;Flight Departed;MUC;2023-05-30;21:00;2023-05-30;21:15;2;L10;LD;Flight Landed;CL;2519;32N;LD;Flight Landed
GLA;2023-05-30;12:40;2023-05-30;13:48;M;27C;DP;Flight Departed;FRA;2023-05-30;15:35;2023-05-30;17:08;1;Area A;LD;Flight Landed;LH;961;32A;LD;Flight Landed
